-- MySQL Administrator dump 1.4
--
-- ------------------------------------------------------
-- Server version	5.0.45-community-nt


/*!40101 SET @OLD_CHARACTER_SET_CLIENT=@@CHARACTER_SET_CLIENT */;
/*!40101 SET @OLD_CHARACTER_SET_RESULTS=@@CHARACTER_SET_RESULTS */;
/*!40101 SET @OLD_COLLATION_CONNECTION=@@COLLATION_CONNECTION */;
/*!40101 SET NAMES utf8 */;

/*!40014 SET @OLD_UNIQUE_CHECKS=@@UNIQUE_CHECKS, UNIQUE_CHECKS=0 */;
/*!40014 SET @OLD_FOREIGN_KEY_CHECKS=@@FOREIGN_KEY_CHECKS, FOREIGN_KEY_CHECKS=0 */;
/*!40101 SET @OLD_SQL_MODE=@@SQL_MODE, SQL_MODE='NO_AUTO_VALUE_ON_ZERO' */;


--
-- Create schema phr
--

CREATE DATABASE IF NOT EXISTS phr;
USE phr;

--
-- Definition of table `ambulance`
--

DROP TABLE IF EXISTS `ambulance`;
CREATE TABLE `ambulance` (
  `aid` varchar(255) default NULL,
  `aname` varchar(255) default NULL,
  `ano` varchar(255) default NULL,
  `apno` varchar(255) default NULL
) ENGINE=InnoDB DEFAULT CHARSET=latin1;

--
-- Dumping data for table `ambulance`
--

/*!40000 ALTER TABLE `ambulance` DISABLE KEYS */;
INSERT INTO `ambulance` (`aid`,`aname`,`ano`,`apno`) VALUES 
 ('AID1001','A','A','A');
/*!40000 ALTER TABLE `ambulance` ENABLE KEYS */;


--
-- Definition of table `apolicy`
--

DROP TABLE IF EXISTS `apolicy`;
CREATE TABLE `apolicy` (
  `policyid` varchar(255) default NULL,
  `pname` varchar(255) default NULL,
  `year` varchar(255) default NULL,
  `amount` varchar(255) default NULL,
  `premium` varchar(255) default NULL,
  `tax` varchar(255) default NULL,
  `mamount` varchar(255) default NULL,
  `months` varchar(255) default NULL,
  `disease` longtext,
  `description` longtext
) ENGINE=InnoDB DEFAULT CHARSET=latin1 ROW_FORMAT=COMPACT;

--
-- Dumping data for table `apolicy`
--

/*!40000 ALTER TABLE `apolicy` DISABLE KEYS */;
INSERT INTO `apolicy` (`policyid`,`pname`,`year`,`amount`,`premium`,`tax`,`mamount`,`months`,`disease`,`description`) VALUES 
 ('POLICY101','HCPOLICY1','3years','300000','1000','10','1010','36','Heart attack, cancer','Heart attack, cancer'),
 ('POLICY102','HCPOLICY1','5years','500000','3000','300','3300','60','Heart attack, cancer','Heart attack, cancer'),
 ('POLICY103','HCPOLICY1','6Years','700000','4500','450','4950','72','Heart attack, cancer','Heart attack, cancer'),
 ('POLICY104','HCPOLICY2','3years','400000','1500','150','1650','36','Heart attack, cancer','Heart attack, cancer'),
 ('POLICY105','HCPOLICY2','5years','600000','4500','450','4950','60','Heart attack, cancer','Heart attack, cancer'),
 ('POLICY105','HCPOLICY3','3years','300000','3000','300','3300','36','Heart attack, cancer','Heart attack, cancer');
/*!40000 ALTER TABLE `apolicy` ENABLE KEYS */;


--
-- Definition of table `book`
--

DROP TABLE IF EXISTS `book`;
CREATE TABLE `book` (
  `tid` varchar(250) default NULL,
  `uid` varchar(250) default NULL,
  `uname` varchar(250) default NULL,
  `email` varchar(250) default NULL,
  `mobile` varchar(250) default NULL,
  `specialist` varchar(250) default NULL,
  `date` varchar(250) default NULL,
  `room` varchar(250) default NULL
) ENGINE=InnoDB DEFAULT CHARSET=latin1;

--
-- Dumping data for table `book`
--

/*!40000 ALTER TABLE `book` DISABLE KEYS */;
/*!40000 ALTER TABLE `book` ENABLE KEYS */;


--
-- Definition of table `contact`
--

DROP TABLE IF EXISTS `contact`;
CREATE TABLE `contact` (
  `cid` varchar(255) default NULL,
  `area` varchar(255) default NULL,
  `address` varchar(255) default NULL,
  `phone` varchar(255) default NULL,
  `fax` varchar(255) default NULL
) ENGINE=InnoDB DEFAULT CHARSET=latin1;

--
-- Dumping data for table `contact`
--

/*!40000 ALTER TABLE `contact` DISABLE KEYS */;
INSERT INTO `contact` (`cid`,`area`,`address`,`phone`,`fax`) VALUES 
 ('B6PdZsv5g99Y+X+hVEnTpg==','B6PdZsv5g99Y+X+hVEnTpg==','B6PdZsv5g99Y+X+hVEnTpg==','zlgrbuSybQn+XTVNR7pIMQ==','kdEUwxX8FKO7oy0GWMIhbA==');
/*!40000 ALTER TABLE `contact` ENABLE KEYS */;


--
-- Definition of table `department`
--

DROP TABLE IF EXISTS `department`;
CREATE TABLE `department` (
  `did` varchar(250) default NULL,
  `department` varchar(250) default NULL,
  `dname` varchar(250) default NULL,
  `specialist` varchar(250) default NULL
) ENGINE=InnoDB DEFAULT CHARSET=latin1;

--
-- Dumping data for table `department`
--

/*!40000 ALTER TABLE `department` DISABLE KEYS */;
INSERT INTO `department` (`did`,`department`,`dname`,`specialist`) VALUES 
 ('DID1001','S','S','S');
/*!40000 ALTER TABLE `department` ENABLE KEYS */;


--
-- Definition of table `detail`
--

DROP TABLE IF EXISTS `detail`;
CREATE TABLE `detail` (
  `did` varchar(50) default NULL,
  `disease` varchar(50) default NULL,
  `symptoms` longtext,
  `cure` longtext,
  `prevention` longtext,
  `specialist` longtext,
  `side effect` longtext,
  `video` varchar(450) default NULL,
  `date` varchar(450) default NULL
) ENGINE=InnoDB DEFAULT CHARSET=latin1 ROW_FORMAT=COMPACT;

--
-- Dumping data for table `detail`
--

/*!40000 ALTER TABLE `detail` DISABLE KEYS */;
INSERT INTO `detail` (`did`,`disease`,`symptoms`,`cure`,`prevention`,`specialist`,`side effect`,`video`,`date`) VALUES 
 ('1001','Heart Disease','Coronary artery disease is the most common type of heart disease in the U.S., according to the CDC. It occurs when cholesterol builds up in arteries â?? called plaque â?? narrowing the space blood can flow through, a condition called atherosclerosis. Ultimately, the narrowing can build up enough to cause chest pain and shortness of breath â?? called angina, or it can block the vessel completely, causing a heart attack. Over one million Americans suffer heart attacks each year, according to the American Heart Association.','Five symptoms can indicate when someone is having a heart attack and requires immediate emergency care. These include pain in the jaw, neck or back; pain in the arms or shoulder; chest pain; lightheadedness or weakness; and shortness of breath.\r\n\r\nA number of factors play a role in heart disease risk. Some include family history and age (if your relatives have heart disease or you are older, your risk goes up), but others you have more control over.\r\n\r\nMuch of the advice to avoid heart disease is the same health advice given for other conditions: stop smoking, exercise and eat a diet that is low in cholesterol and salt â?? cholesterol being the source of blockage and salt contributing to higher blood pressure. Other things to avoid in the diet include saturated fats, which typically come from animal fats and oils, and trans fats, which occur in vegetable oil, but have largely been removed from the marketplace because of consumer demand.\r\n\r\nAccording to the NIH, diabetes is a condition that can increase heart disease risk by as much as 100 percent, as the higher levels of glucose in the blood that are characteristic of diabetes can leave fatty deposits in blood vessels, which, like cholesterol plaques, can cause blockage of the heart','In addition to lifestyle changes, some treatments are available to help avoid heart disease. Many of these medications are designed to lower cholesterol.\r\n\r\nThere are two types of cholesterol. The first, LDL, is called â??bad cholesterolâ?? because it is the type that can build up and block blood vessels. The other, HDL, is called â??good cholesterolâ?? because it is responsible for transporting LDL to the liver, ultimately removing it from the blood stream.\r\n\r\nOptimally, HDL cholesterol levels should be above 40 (measured in milligrams per deciliter of blood) and LDL cholesterol should be below 100, according to the CDC.\r\n\r\nThe FDA has approved a number of drugs for improving cholesterol levels. Perhaps the best known are statins. They slow cholesterol production by the liver and speed up how fast it removed LDL cholesterol from the bloodstream.\r\n\r\nAnother class of drug to lower cholesterol is called bile acid sequestrants. These drugs remove bile acids from the body. Because the body produces these acids from LDL cholesterol, more LDL cholesterol will be broken down to replace them.\r\n\r\nNiacin and fibrates are other drug classes for improving cholesterol levels. Both increase HDL cholesterol, and niacin lowers LDL cholesterol.','urgical options can also treat heart disease. Coronary angioplasty is performed over one million times each year on patients in the United States, according to the NIH. In this procedure, a balloon is threaded into the affected blood vessel and inflated, pushing the plaque blocking the artery to the sides of the vessel. Sometimes, this procedure is accompanied by placement of a stent â?? a mesh tube designed to hold the blood vessel open.\r\n\r\nDespite all that is known about it, heart disease is the leading cause of death in both men and women in the United States, according to the CDC, claiming over 630,000 lives in 2006 â?? more than a quarter of all deaths.','urgical options can also treat heart disease. Coronary angioplasty is performed over one million times each year on patients in the United States, according to the NIH. In this procedure, a balloon is threaded into the affected blood vessel and inflated, pushing the plaque blocking the artery to the sides of the vessel. Sometimes, this procedure is accompanied by placement of a stent â?? a mesh tube designed to hold the blood vessel open.\r\n\r\nDespite all that is known about it, heart disease is the leading cause of death in both men and women in the United States, according to the CDC, claiming over 630,000 lives in 2006 â?? more than a quarter of all deaths.','1001','2013-10-17'),
 ('1002','asasasas','asassa','asasas','asas','asasas','asasas','1002','2013-10-17');
/*!40000 ALTER TABLE `detail` ENABLE KEYS */;


--
-- Definition of table `doctor`
--

DROP TABLE IF EXISTS `doctor`;
CREATE TABLE `doctor` (
  `did` varchar(250) default NULL,
  `dname` varchar(500) default NULL,
  `dob` varchar(500) default NULL,
  `age` varchar(500) default NULL,
  `address` varchar(500) default NULL,
  `specialist` varchar(500) default NULL,
  `experience` varchar(500) default NULL,
  `uname` varchar(500) default NULL,
  `pass` varchar(500) default NULL,
  `role` varchar(250) default NULL,
  `hospital` varchar(250) default NULL
) ENGINE=InnoDB DEFAULT CHARSET=latin1;

--
-- Dumping data for table `doctor`
--

/*!40000 ALTER TABLE `doctor` DISABLE KEYS */;
INSERT INTO `doctor` (`did`,`dname`,`dob`,`age`,`address`,`specialist`,`experience`,`uname`,`pass`,`role`,`hospital`) VALUES 
 ('DID1000','ieTZm606gm18pL9fBGDrFw==','n2prRaVvq3qg4jc3ApphOA==','lBmgwBkM07RXiH0khLBVgA==','05C2gzQJkAdzFTeshEQH8Q==','2/Xajm4h7/us2Le0JQ/Ejw==','zMfqVqCj5ShjVuEVgxo8Bg==','DID1000','Santhosh','Doctor','APOLLO HOSPITAL CBE'),
 ('LID1002','V45l2lXBJaLb2L1NzVVpxw==','n2prRaVvq3qg4jc3ApphOA==','lBmgwBkM07RXiH0khLBVgA==','CVV0ZEy+IwYaqw3Tre4eoQ==','kw7SGs9lKw1K30uDnlSSHQ==','M3AEniIJzYnm0j20enDpxg==','LID1002','SIVA','Lab','APOLLO HOSPITAL CBE'),
 ('NID1000','gTwTJ2pfzIfEYgmhfxyQ6Q==','n2prRaVvq3qg4jc3ApphOA==','lBmgwBkM07RXiH0khLBVgA==','CVV0ZEy+IwYaqw3Tre4eoQ==','fa3ZLueraL3kGitGIdYr7A==','zMfqVqCj5ShjVuEVgxo8Bg==','NID1000','KUMAR','Nurse','APOLLO HOSPITAL CBE'),
 ('DID1001','2O9/rE5XQ/RCuNRZIYtG5Q==','K5G4pEcXi1g6t1PmsKwEuQ==','EpnjdJzgUYWBk/jgpAWGZw==','B9FGbJPT5bcexJD6fWgDCg==','BVrUs3y1QpOyzz0G2ojxyA==','zMfqVqCj5ShjVuEVgxo8Bg==','DID1001','siva','Doctor','APOLLO HOSPITAL CBE');
/*!40000 ALTER TABLE `doctor` ENABLE KEYS */;


--
-- Definition of table `dpharmacy`
--

DROP TABLE IF EXISTS `dpharmacy`;
CREATE TABLE `dpharmacy` (
  `tid` varchar(250) default NULL,
  `did` varchar(250) default NULL,
  `dname` varchar(250) default NULL,
  `uid` varchar(250) default NULL,
  `uname` varchar(250) default NULL,
  `specialist` varchar(250) default NULL,
  `date` varchar(250) default NULL,
  `mn1` varchar(250) default NULL,
  `nmn1` varchar(250) default NULL,
  `morning` varchar(250) default NULL,
  `afternoon` varchar(250) default NULL,
  `evening` varchar(250) default NULL,
  `night` varchar(250) default NULL,
  `cost` varchar(250) default NULL,
  `hospital` varchar(250) default NULL
) ENGINE=InnoDB DEFAULT CHARSET=latin1;

--
-- Dumping data for table `dpharmacy`
--

/*!40000 ALTER TABLE `dpharmacy` DISABLE KEYS */;
INSERT INTO `dpharmacy` (`tid`,`did`,`dname`,`uid`,`uname`,`specialist`,`date`,`mn1`,`nmn1`,`morning`,`afternoon`,`evening`,`night`,`cost`,`hospital`) VALUES 
 ('TKID1006','0WtEma3jZaF4edHbQjTd8g==','hHbfucEe0Efeu2GtudeEhMOCZS+4+ztn7RSRECtQvS0=','UID1001','sathish','2/Xajm4h7/us2Le0JQ/Ejw==','dAGUMqYphXClg+IeljcFNw==','yfl6J8X1lhrVX2DLont67A==','NXzWESlk2yW6BRWzA/Mi+A==','ly5S0u//xYs92jlckpWwsA==','ly5S0u//xYs92jlckpWwsA==','ly5S0u//xYs92jlckpWwsA==','ly5S0u//xYs92jlckpWwsA==','18',NULL),
 ('TKID1006','0WtEma3jZaF4edHbQjTd8g==','hHbfucEe0Efeu2GtudeEhMOCZS+4+ztn7RSRECtQvS0=','UID1001','sathish','2/Xajm4h7/us2Le0JQ/Ejw==','NXzWESlk2yW6BRWzA/Mi+A==','yfl6J8X1lhrVX2DLont67A==','NXzWESlk2yW6BRWzA/Mi+A==','ly5S0u//xYs92jlckpWwsA==','ly5S0u//xYs92jlckpWwsA==','ly5S0u//xYs92jlckpWwsA==','ly5S0u//xYs92jlckpWwsA==','18',NULL),
 ('TKID1006','0WtEma3jZaF4edHbQjTd8g==','hHbfucEe0Efeu2GtudeEhMOCZS+4+ztn7RSRECtQvS0=','UID1001','sathish','2/Xajm4h7/us2Le0JQ/Ejw==','NXzWESlk2yW6BRWzA/Mi+A==','yfl6J8X1lhrVX2DLont67A==','NXzWESlk2yW6BRWzA/Mi+A==','ly5S0u//xYs92jlckpWwsA==','ly5S0u//xYs92jlckpWwsA==','ly5S0u//xYs92jlckpWwsA==','ly5S0u//xYs92jlckpWwsA==','18',NULL),
 ('TKID1006','0WtEma3jZaF4edHbQjTd8g==','hHbfucEe0Efeu2GtudeEhMOCZS+4+ztn7RSRECtQvS0=','UID1001','sathish','2/Xajm4h7/us2Le0JQ/Ejw==','NXzWESlk2yW6BRWzA/Mi+A==','yfl6J8X1lhrVX2DLont67A==','NXzWESlk2yW6BRWzA/Mi+A==','ly5S0u//xYs92jlckpWwsA==','ly5S0u//xYs92jlckpWwsA==','ly5S0u//xYs92jlckpWwsA==','ly5S0u//xYs92jlckpWwsA==','18',NULL),
 ('TKID1006','0WtEma3jZaF4edHbQjTd8g==','hHbfucEe0Efeu2GtudeEhMOCZS+4+ztn7RSRECtQvS0=','UID1001','sathish','2/Xajm4h7/us2Le0JQ/Ejw==','NXzWESlk2yW6BRWzA/Mi+A==','yfl6J8X1lhrVX2DLont67A==','NXzWESlk2yW6BRWzA/Mi+A==','ly5S0u//xYs92jlckpWwsA==','ly5S0u//xYs92jlckpWwsA==','ly5S0u//xYs92jlckpWwsA==','ly5S0u//xYs92jlckpWwsA==','18',NULL),
 ('TKID1001','TTUqw3ZsYdyj4B/jMILK5g==','CKYhP6srEE/3B/6CMjvq/niGAcj4iRdEPzEstqnSsPc=','UID1002','3rgyzeoP0r9a7Nby/P2e/A==','2/Xajm4h7/us2Le0JQ/Ejw==','IM4A4vK6cJN6jqKUrO79zw==','yfl6J8X1lhrVX2DLont67A==','c5znyULi2TSzHtiCfOU2Ww==','pvYwynVdxPz2FEfYpIu24g==','9hDIOK+RIcUgYY7YCKDQFQ==','9hDIOK+RIcUgYY7YCKDQFQ==','9hDIOK+RIcUgYY7YCKDQFQ==','3','APOLLO HOSPITAL CBE'),
 ('TKID1001','TTUqw3ZsYdyj4B/jMILK5g==','CKYhP6srEE/3B/6CMjvq/niGAcj4iRdEPzEstqnSsPc=','UID1002','3rgyzeoP0r9a7Nby/P2e/A==','2/Xajm4h7/us2Le0JQ/Ejw==','c5znyULi2TSzHtiCfOU2Ww==','RIrgLAiG3sc4Jd9JHTcumA==','c5znyULi2TSzHtiCfOU2Ww==','9hDIOK+RIcUgYY7YCKDQFQ==','9hDIOK+RIcUgYY7YCKDQFQ==','9hDIOK+RIcUgYY7YCKDQFQ==','pvYwynVdxPz2FEfYpIu24g==','3','APOLLO HOSPITAL CBE'),
 ('TKID1001','TTUqw3ZsYdyj4B/jMILK5g==','CKYhP6srEE/3B/6CMjvq/niGAcj4iRdEPzEstqnSsPc=','UID1002','3rgyzeoP0r9a7Nby/P2e/A==','2/Xajm4h7/us2Le0JQ/Ejw==','c5znyULi2TSzHtiCfOU2Ww==','iRjzou+Ih1K7AWD+zaQ3AQ==','c5znyULi2TSzHtiCfOU2Ww==','9hDIOK+RIcUgYY7YCKDQFQ==','pvYwynVdxPz2FEfYpIu24g==','9hDIOK+RIcUgYY7YCKDQFQ==','9hDIOK+RIcUgYY7YCKDQFQ==','5','APOLLO HOSPITAL CBE'),
 ('TKID1001','TTUqw3ZsYdyj4B/jMILK5g==','CKYhP6srEE/3B/6CMjvq/niGAcj4iRdEPzEstqnSsPc=','UID1002','3rgyzeoP0r9a7Nby/P2e/A==','2/Xajm4h7/us2Le0JQ/Ejw==','c5znyULi2TSzHtiCfOU2Ww==','RIrgLAiG3sc4Jd9JHTcumA==','c5znyULi2TSzHtiCfOU2Ww==','9hDIOK+RIcUgYY7YCKDQFQ==','9hDIOK+RIcUgYY7YCKDQFQ==','pvYwynVdxPz2FEfYpIu24g==','9hDIOK+RIcUgYY7YCKDQFQ==','3','APOLLO HOSPITAL CBE'),
 ('TKID1001','TTUqw3ZsYdyj4B/jMILK5g==','CKYhP6srEE/3B/6CMjvq/niGAcj4iRdEPzEstqnSsPc=','UID1002','3rgyzeoP0r9a7Nby/P2e/A==','2/Xajm4h7/us2Le0JQ/Ejw==','c5znyULi2TSzHtiCfOU2Ww==','yfl6J8X1lhrVX2DLont67A==','c5znyULi2TSzHtiCfOU2Ww==','9hDIOK+RIcUgYY7YCKDQFQ==','9hDIOK+RIcUgYY7YCKDQFQ==','pvYwynVdxPz2FEfYpIu24g==','9hDIOK+RIcUgYY7YCKDQFQ==','3','APOLLO HOSPITAL CBE'),
 ('TKID1002','TTUqw3ZsYdyj4B/jMILK5g==','CKYhP6srEE/3B/6CMjvq/niGAcj4iRdEPzEstqnSsPc=','UID1002','3rgyzeoP0r9a7Nby/P2e/A==','2/Xajm4h7/us2Le0JQ/Ejw==','PVk21rbhLLjzEZvf0IZ+xQ==','yfl6J8X1lhrVX2DLont67A==','c5znyULi2TSzHtiCfOU2Ww==','pvYwynVdxPz2FEfYpIu24g==','ly5S0u//xYs92jlckpWwsA==','ly5S0u//xYs92jlckpWwsA==','ly5S0u//xYs92jlckpWwsA==','3','APOLLO HOSPITAL CBE'),
 ('TKID1002','TTUqw3ZsYdyj4B/jMILK5g==','CKYhP6srEE/3B/6CMjvq/niGAcj4iRdEPzEstqnSsPc=','UID1002','3rgyzeoP0r9a7Nby/P2e/A==','2/Xajm4h7/us2Le0JQ/Ejw==','c5znyULi2TSzHtiCfOU2Ww==','RIrgLAiG3sc4Jd9JHTcumA==','c5znyULi2TSzHtiCfOU2Ww==','pvYwynVdxPz2FEfYpIu24g==','ly5S0u//xYs92jlckpWwsA==','ly5S0u//xYs92jlckpWwsA==','ly5S0u//xYs92jlckpWwsA==','3','APOLLO HOSPITAL CBE'),
 ('TKID1002','TTUqw3ZsYdyj4B/jMILK5g==','CKYhP6srEE/3B/6CMjvq/niGAcj4iRdEPzEstqnSsPc=','UID1002','3rgyzeoP0r9a7Nby/P2e/A==','2/Xajm4h7/us2Le0JQ/Ejw==','c5znyULi2TSzHtiCfOU2Ww==','RIrgLAiG3sc4Jd9JHTcumA==','c5znyULi2TSzHtiCfOU2Ww==','9hDIOK+RIcUgYY7YCKDQFQ==','pvYwynVdxPz2FEfYpIu24g==','ly5S0u//xYs92jlckpWwsA==','ly5S0u//xYs92jlckpWwsA==','3','APOLLO HOSPITAL CBE'),
 ('TKID1002','TTUqw3ZsYdyj4B/jMILK5g==','CKYhP6srEE/3B/6CMjvq/niGAcj4iRdEPzEstqnSsPc=','UID1002','3rgyzeoP0r9a7Nby/P2e/A==','2/Xajm4h7/us2Le0JQ/Ejw==','c5znyULi2TSzHtiCfOU2Ww==','iRjzou+Ih1K7AWD+zaQ3AQ==','c5znyULi2TSzHtiCfOU2Ww==','ly5S0u//xYs92jlckpWwsA==','pvYwynVdxPz2FEfYpIu24g==','ly5S0u//xYs92jlckpWwsA==','ly5S0u//xYs92jlckpWwsA==','5','APOLLO HOSPITAL CBE'),
 ('TKID1002','TTUqw3ZsYdyj4B/jMILK5g==','CKYhP6srEE/3B/6CMjvq/niGAcj4iRdEPzEstqnSsPc=','UID1002','3rgyzeoP0r9a7Nby/P2e/A==','2/Xajm4h7/us2Le0JQ/Ejw==','c5znyULi2TSzHtiCfOU2Ww==','yfl6J8X1lhrVX2DLont67A==','c5znyULi2TSzHtiCfOU2Ww==','ly5S0u//xYs92jlckpWwsA==','pvYwynVdxPz2FEfYpIu24g==','ly5S0u//xYs92jlckpWwsA==','ly5S0u//xYs92jlckpWwsA==','3','APOLLO HOSPITAL CBE'),
 ('TKID1003','TTUqw3ZsYdyj4B/jMILK5g==','CKYhP6srEE/3B/6CMjvq/niGAcj4iRdEPzEstqnSsPc=','UID1003','3rgyzeoP0r9a7Nby/P2e/A==','2/Xajm4h7/us2Le0JQ/Ejw==','gEqJ9xFoZAD6tv5rA3ewww==','yfl6J8X1lhrVX2DLont67A==','JNoS2pP7r0qSa9kC4Ddn/Q==','ly5S0u//xYs92jlckpWwsA==','ly5S0u//xYs92jlckpWwsA==','ly5S0u//xYs92jlckpWwsA==','ly5S0u//xYs92jlckpWwsA==','6','APOLLO HOSPITAL CBE'),
 ('TKID1003','TTUqw3ZsYdyj4B/jMILK5g==','CKYhP6srEE/3B/6CMjvq/niGAcj4iRdEPzEstqnSsPc=','UID1003','3rgyzeoP0r9a7Nby/P2e/A==','2/Xajm4h7/us2Le0JQ/Ejw==','JNoS2pP7r0qSa9kC4Ddn/Q==','yfl6J8X1lhrVX2DLont67A==','JNoS2pP7r0qSa9kC4Ddn/Q==','ly5S0u//xYs92jlckpWwsA==','ly5S0u//xYs92jlckpWwsA==','ly5S0u//xYs92jlckpWwsA==','ly5S0u//xYs92jlckpWwsA==','6','APOLLO HOSPITAL CBE'),
 ('TKID1003','TTUqw3ZsYdyj4B/jMILK5g==','CKYhP6srEE/3B/6CMjvq/niGAcj4iRdEPzEstqnSsPc=','UID1003','3rgyzeoP0r9a7Nby/P2e/A==','2/Xajm4h7/us2Le0JQ/Ejw==','JNoS2pP7r0qSa9kC4Ddn/Q==','yfl6J8X1lhrVX2DLont67A==','JNoS2pP7r0qSa9kC4Ddn/Q==','ly5S0u//xYs92jlckpWwsA==','ly5S0u//xYs92jlckpWwsA==','ly5S0u//xYs92jlckpWwsA==','ly5S0u//xYs92jlckpWwsA==','6','APOLLO HOSPITAL CBE'),
 ('TKID1003','TTUqw3ZsYdyj4B/jMILK5g==','CKYhP6srEE/3B/6CMjvq/niGAcj4iRdEPzEstqnSsPc=','UID1003','3rgyzeoP0r9a7Nby/P2e/A==','2/Xajm4h7/us2Le0JQ/Ejw==','JNoS2pP7r0qSa9kC4Ddn/Q==','yfl6J8X1lhrVX2DLont67A==','JNoS2pP7r0qSa9kC4Ddn/Q==','ly5S0u//xYs92jlckpWwsA==','ly5S0u//xYs92jlckpWwsA==','ly5S0u//xYs92jlckpWwsA==','ly5S0u//xYs92jlckpWwsA==','6','APOLLO HOSPITAL CBE'),
 ('TKID1003','TTUqw3ZsYdyj4B/jMILK5g==','CKYhP6srEE/3B/6CMjvq/niGAcj4iRdEPzEstqnSsPc=','UID1003','3rgyzeoP0r9a7Nby/P2e/A==','2/Xajm4h7/us2Le0JQ/Ejw==','JNoS2pP7r0qSa9kC4Ddn/Q==','yfl6J8X1lhrVX2DLont67A==','JNoS2pP7r0qSa9kC4Ddn/Q==','ly5S0u//xYs92jlckpWwsA==','ly5S0u//xYs92jlckpWwsA==','ly5S0u//xYs92jlckpWwsA==','ly5S0u//xYs92jlckpWwsA==','6','APOLLO HOSPITAL CBE');
/*!40000 ALTER TABLE `dpharmacy` ENABLE KEYS */;


--
-- Definition of table `dtest`
--

DROP TABLE IF EXISTS `dtest`;
CREATE TABLE `dtest` (
  `lid` varchar(250) default NULL,
  `tid1` varchar(250) default NULL,
  `did` varchar(250) default NULL,
  `dname` varchar(250) default NULL,
  `uid` varchar(250) default NULL,
  `uname` varchar(250) default NULL,
  `specialist` varchar(250) default NULL,
  `date` varchar(250) default NULL,
  `testprescribed` varchar(250) default NULL,
  `cost` varchar(250) default NULL,
  `status` varchar(250) default NULL,
  `labprescribed` varchar(250) default NULL,
  `ldate` varchar(250) default NULL,
  `fname` varchar(250) default NULL,
  `file` longblob,
  `hospital` varchar(50) default NULL
) ENGINE=InnoDB DEFAULT CHARSET=latin1;

--
-- Dumping data for table `dtest`
--

/*!40000 ALTER TABLE `dtest` DISABLE KEYS */;
INSERT INTO `dtest` (`lid`,`tid1`,`did`,`dname`,`uid`,`uname`,`specialist`,`date`,`testprescribed`,`cost`,`status`,`labprescribed`,`ldate`,`fname`,`file`,`hospital`) VALUES 
 ('LID1002','TKID1001','DID1000','ieTZm606gm18pL9fBGDrFw==','UID1002','3rgyzeoP0r9a7Nby/P2e/A==','ENT','2022-03-17','XRAY','2800','Completed','dd','17-03-2022','1.jpg',0xFFD8FFE000104A46494600010201004800480000FFDB00430001010101010101010101010101010101010101010101010101010101010101010101010101010101010101020202020202020202020203030303030303030303FFDB00430101010101010101010101020201020203030303030303030303030303030303030303030303030303030303030303030303030303030303030303030303030303FFC20011080180020003011100021101031101FFC400190001010101010100000000000000000000000103020408FFC4001801010101010100000000000000000000000001020308FFDA000C03010002100310000001FB8FD3DE7F00000000000000000000000000000000000000000000000000000000000000000000000000000000000000000000000000000000000000000000000000000000000000000000000000000000000000000000000000000000000000000000000000000000000000000000000000000000000000000000000000000000000000000000000000000000000000000000000000000000000000000000000000000000000000000000000000000000000000000000000000000000000000000000000000000000000000000000000000000000000000000000000000000000000000000000000000000000000000000000000000000000000000000000000000000000000000000000000000000000000000000000000000000000000000000000000000000000000000000000000000000000000000000000000759A00000000000000000000000000000000000000000000000EE6800000000000000000000000000000000000000000000001A63400000000000000000000000000000000000000000000000D2000000000000000000000000000000000000000000000001DE7400000000000000000000000000000000000000000000000D7000000000000000000000000000000000000000000000000699D8000000000000000000000000000000000000000000000035E6000000000000000000000000000000000000000000000006B9A00000000000000000000000000000000000000000000000DB1D800000000000000000000000000000000000000000000001BF2800000000000000000000000000000000000000000000000D73B000000000000000000000000000000000000000000000007A39D000000000000000000000000000000000000000000000006DCFA0000116A45A800000000000000000000000116A00045A8000000045A9176E7400000000000000000000000000000000000000000000001B67400000000000000000000000000000000000000000000000DB1A00000000042800000004280000000010A0000000000850000006DCA8000000000000000000000000000000000000000000000036E3D0000000000000000000000000000520000000000000000001E8C6C095600004AB0255896596558956250B0259659562558025589405895604AB12CB28956009562558942C0004AB1AE6800000000000000000000B0A822D4116A00000008B500000001410A48B537E7A80000000000A40000014800052000000005200000000002900001BF3EA00000000000000000000000000000000000000000000000DB1400000000000000000000000000000000000000000000001B73A04000000520029000000000005A820290005202901480000000000A437C500000000000000005200000000000000000000000000014806B3400000000000000000000000000000000000000000000000DB9EC00000000000000000000000000000000000000000000001A73D05001934428008521410A002000A0021410A000002140064A5000214801400D39D000000000000000000000000000000000000000000000006B9D000000000000000000000000000000021400000000002140034C800000000000000000000000000000000000000000000001DE7600000000000000000000000000000000000000000000000D258290001480000029001410A40005042D480052148000520052000005216A401A6400000000000000000000000000000000000000000000000FFC4001C10010101000203010000000000000000001100102070506080A0FFDA0008010100010502FC801111111111111111111111111111111111111111111111111111111111111111D02444444444444444444444444444444444444444446111111111111111111111F209111111111111111111111111111111111111111111111111111111111111111E824444444444444444444444444444444444444444444444444444444444444444444444444611861861A46186111870308C308C2230C34888888888888888888888888888888888888888888888888888888888888888888888888888888888888888888888888888888888888888888888888888888888888888888888888888888888888888888888888888888888888888888888888888888F804888888888888888888888888888888888888888888888888888888888888888E678A3B40888888888888888888888888888888888888888888888888888888888888888E81FFFC40023110101010002030002020301000000000000110112215161811060203040708090FFDA0008010301013F01FF00D40EBC3AF0EBC3AF0EBC3AF0EBC3AF0EBC3AF0EBC3AF0EBC3AF0EBC3AF0EBC3AF0EBC3AF0EBC3AF0EBC3AF0EBC3AF0EBC3AF0EBC3AF0EBC3AF0EBC3AF0EBC3AF0EBC3AF0EBC3AF0EBC3AF0EBC3AF0EBC3AF0EBC3AF0EBC3AF0EBC3AF0EBC3AF0EBC3AF0EBC3AF0EBC3AF0EBC3AF0EBC3AF098989898989898989898989898989898989898989898989898989898989898989898989898989898989898989898989898989898989898989898989898989899FE81FAFAFAFAFAFAFAFAFAFAFAFAFAFAFAFAFAFAFAFAFAFAFAFAFAFAFAFAFAFAFAFAFAFAFAFAFAFAFAFAFAFAFAFAFAFAFAFAFAFAFAFAFAFAFAFAFAFAFAFAFAFAFAFBFA0C444444444444444444444444444444444444444444444444444444444444444FF0040CFE73FC39FCA7E227F089FE1CFD1622222222222222222222222222222222222222222222222222222222222222226A6A6A6A6A6A6A6A6A6A6A6A6A6A6A6A6A6A6A6A6A6A6A6A6A6A6A6A6A6A6A6A6A6A6A6A6A6A6A6A6A6A6A6A6A6A6A6A6A6A6A6A6A6A6A6A6A6A6A6A6A6A6A6A2222227E27E2222222222222222222222222222222227E222227E222222222227E27E26A6A6A6A6A6A6A6A6A6A6A6A6A6A6A6A6A6A6A6A6A6A6A6A6A6A6A6A6A6A6A6A6A6A6A6A6A6A6A6A6A6A6A6A6A6A6A6A6A6A6A6A6A6A6A6A6A6A6A6A6A6A6A6FE9D3FB27F74FEF9FA544444444444444444444444444444444444444444444444444444444444444444444444444444444444444444444444444444444444444444444444444444444FD078B8B8B8B8B8B8B8B8B8B8B8B8B8B8B8B8B8B8B8B8B8B8B8B8B8B8B8B8B8B8B8B8B8B8B8B8B8B8B8B8B8B8B8B8B8B8B8B8B8B8B8B8B8B8B8B8B8B8B8B8B8B8B8A222222222222222222222222222222222222222222222222222222222222222262626262626262626262626262626262626262626262626262626262626262626262626262626262626262626262626262626262626262626262626262626267E8335353535353535353535353535353535353535353535DA6A6A6A6A6A6A6A6A6A6A6A6A6A6A6A6A6A6A6A6A6A6A6A6A6A6A6A6A6A6A6A6A6A6A6A6A6BB4D4D4DFD062222222222222222222222222222222222222222222222222222222222222227FC03C7DB8FB71F6E3EDC7DB8FB71F6E3EDC7DB8FB71F6E3EDC7DB8FB71F6E3EDC7DB8FB71F6E3EDC7DB8FB71F6E3EDC7DB8FB71F6E3EDC7DB8FB71F6E3EDC7DB8FB71F6E3EDC7DB8FB71F6E3EDC7DB8FB71F6E3EDC7DB8FB71F6E3EDC7DB8FB71F6E3EDC7DB8FB71F6E3EDC7DB8FB71F6E3EDC7DB8FB71F6E3ED3131C713131313131313131313131313131313131C71C71C7131C713131313131313131C713131313131313131313131313131313131313131313131313131313131311111111111111111111111111111111111111111111111111111111111111111FFFC4001E11010101010101010101010100000000000011011221816110607090FFDA0008010201013F01FF00D40F5EBD7AF5EBD7AF5EBD7AF5EBD7AF5EBD7AF5EBD7AF5EBD7AF5EBD7AF5EBD7AF5EBD7AF5EBD7AF5EBD7AF5EBD7AF5EBD7AF5EBD7AF5EBD7BFE06AAAAAAAAAAAAAAAAAAAAAAAAAAAAAAAAAAAAAAAAAAAAAAAAAAAAAAAAAAAAAAAFF0081AAAAAAAAAAAAAAAAAAAAAAAAAAAAAAAAAAAAAAAAAAAAAAAAAAAAAAAAAAAAAAAAAAAAAAAAAAAAAAAAAAAAAAAAAAAAAAAAAAAAAAAAAAAAAAAAAAAAAAAAAAAAAAABFF0001E9D3A74E9D3A74E9D3A74E9D3A74E9D3A74E9D3A74E9D3A74E9D3A74E9D3A74E9D3A74E9D3A74E9D3A74E9D3A74E9D3A74E9D3A74E9D3A75FF0001AAAAAAAAAAAAAAAAAAABFCABFCAAAAAAAAAAAAAAABFCAAAAAAAAAAAAAAABFCAAAAAABFAFAFAFAFAFABFAFAFAFAFAFAFAFAFAFAFAFABFAFAFAFAFAFAFAFABFAFAFAFAFAFAFAFAFAFAFAFAFABFABFAFAFAFAFAFAFAFAFAFAFAFAFAFAFAFAFABFAFAFAFAFAFAFAAAAAAAAAAAAAAAAAAAAAAAAAAAAAAAAAAAAAAAAAAAAAAAAAAAAAAAAAAAAAAAAAAAAAAAAAAAAAAAAAAAAAAAAAAAAAAAAAAAAAAAAAAAAAAAAAAAAAAAAAAAAAAAAAAAAAAAAAAAAAAAAAAAAAAAAAAAAAAAAAAAAAAAAAAAAAAAAAAAAAAAAAAAAAAAAAAAAAAAAAAAAAAAAAAAAAAAAAAAAAAAAAAAAAAAAAAAAAAAAAAAAAAAAAAAAAAAAAAAAAAAAAAAAAAAAAAAAAAAAAAAAAAAAAAAAAAAAAAAAAAAAAAAAAAAAAAAAAAAAAEB57575757575D6AEAEBAD5D5D75ABABAEB5757575757575757575D6AEAEAEAEAEAEAEAEBAD5D5D5D75ABABABABABABAEB575D6AEAEBAD5D75ABABABAEB57575757575D6AEAAAAAAAAAAAAAAAAAAAAAAAAAAAAAAAAAAAAAAAAAAAAAAAAAAAAAAAAAAAAAAAABA74E9D3A74E9D3A74E9D3A74E9D3A74E9D3A74E9D3A74E9D3A74E9D3A74E9D63A74E9D3A74E9D3A74E9D3A74E9D3A74E9D3A74E9D3A74E9D2E2E2E2E2E2E2AE2AE2E2AE2E2AE2AE2E2E2E2E2E2E2E2E2E2E2E2E2E2E2E2AE2E2E2E2E2E2E2E2E2E2E2E2AE2AE2AE2E2E2E2E2AE2AE2E2E2E2E2E2E2E2E2E2E2E2E2E2E2E2E2E2E2E2E2E2E2E2E2E2E2E2E2E2E2E2E2E2E2E2E2E2E2E2E2E2E2E2E2E2E2E2E2E2E2E2E2E2E2E2E2E2E2E2E2E2E2E2E2E2E2E2E7F81BABABABABABABABABABABABABABABABABABABABABABABABABABABABABABABABABABABABABABABABABABABABABABABABABABABABABABABABABABABABABABABABAAAAAAAAAAAAAAAAAAAAAAABAAAAAAAAAAAAAAAAAAAAAAAAAAAAAAAAAAAAAABAAAAB8AAB8AAB8B8B8B8B8AB8B8B8B8AB8B8B8B8B8AB8B8B8B8AB8B8B8B8AAB8B8B8B8B8AB8AB8AB8B8B8AB8B8B8B8B8AB8B8B8B8B8AB8AB8BFE0776B76BA74E9D7F3AFE74E9D3A6ED74DDAE9D376BA74AADDADDADDACD8E9D3A74CD8E9D376ABA74E9D3A74E99B1D3A74EBF9BB55D3A74E9BB5D376B76B76BA74E9D3A74E9D3A74E9D3A74E9D3A74E9D3A74E9D3A74E9D3A74E9D3A74E9D3A74E9D3A74E9D3A74E9D3A74E9D3A74E9D3A74E9D3A74E9D3A74E9D7FC06AAAAAAAAAAAAAAAAAAAAAAAAAAAAAAAAAAAAAAAAAAAAAAAAAAAAAAAAAAAAAAABA75F8AE9D3AFC74EBF1D7E3AFC74EBF1D3AFC74E9D7E3AFC75F8EBF1D3A74EBF1D3AFC74EBF1D7E3A74EBF1D7E3A74EBF1D7E3AFC75F8EBF1D7E3AFC75F8EBF1D7E3A75F8E9D3AFC75F8E9D3AFC74EBF1D3A75F8EBF15D7E3A75F9FE07FFC400141001000000000000000000000000000000B0FFDA0008010100063F02400FFFC4002710010100010305010002020301000000000011016171812151A1B1F0102031306040507090FFDA0008010100013F21FF00EA04444444444444444444444444444444444444444444444444444444444444444FFD066130984C26130984C26130984C26130984C26130984C26130984C26130984C26130984C26130984C26130984C26130984C26130984C26130984C26130984C26130984C26130984C2689A2689A2689A2689A2689A2689A2689A2689A2689A2689A2689A2689A2689A2689A2689A2689A2689A2689A2689A2689A2689A2689A2689A2689A2689A2689A2689A2689A2689A2689A2689A2689A7FE020000000000000001111111111111111111111111111111111111111111111111111111111111111134FCE1C3870E13470E1C7E71F9C3870E1C3870E1C3870E13470E1C38708E111C38709A268E1C3870E1C7E70E1C7E70E3F3871F9C23870E3FEB000000000009BFFC60000044444444444444444444444444444444444444444444444444444444444444444D1344D1344D1344D1344D1344D1344D1344D1344D1344D1344D1344D1344D1344D1344D1344D1344D1344D1344D1344D1344D1344D1344D1344D1344D1344D1344D1344D1344D1344D1344D1344D1344CA6532994CA653289944CA6532994CA6532994CA6532994CA6532994CA6532994CA6532994CA6532994CA6532994CA26532994CA65132994CA6532994CA6532994CA265130984C26130984C26130984C26130984C26130984C26130984C26130984C26130984C26130984C26130984C26130984C26130984C26130984C26130984C26130984C26130984C2611111111111111111111111111111111111111111111111111111111111111111B1B1B1B1B1B1B1B1B1B1B1B1B1B1B1B1B1B1B1B1B1B1B1B1B1B1B1B1B1B1B1B1B1B1B1B1B1B1B1B1B1B1B1B1B1B1B1B1B1B1B1B1B1B1B1B1B1B1B1B1B1B1B1B132994CA6532994CA6532994CA6532994CA6532994CA6532994CA6532994CA6532994CA6532994CA6532994CA6532994CA6532994CA6532994CA6532994CA6532994CA6532994CA65B3DB67B6CF6D9EDB3DB67B6CF6D9EDB3DB67B6CF6D9EDB3DB67B6CF6D9EDB3DB67B6CF6D9EDB3DB67B6CF6D9EDB3DB67B6CF6D9EDB3DB67B6CF6D9EDB3DB67B6CF6D9EDB3DB67B6CF6D9EDB3DB67B6CF6D9EDB3DB67B6CF6D9EDB3DB67B6CF6D9EDB3DB67B6CF6D9EDB3DB67B6CF6D9EDB3DB67B6CF6D9EFF00C6004FD27E26BF89F89F889FA4FC4FC4FE027E2227E27E93F135FD27F013F13F113FE9407FFF00FF00FF00EFF7FBFDFEFF007FBFDFF8FF00FF00BFDFFC0FFF00FF007FBFDB7373737377E377E37377E37377F01B9B9B9B9B9B9BBF1B9B9B9B9BBF1B9BBF1B9B9B9B9B9B9B9BBF1B9B9BBF1BBF1BBF1B9B9B9B9BBF80DCDCDCDCDCA5294A5294A5294A5294A5294A5294A5294A5294A5294A5294A5294A5294A5294A5294A5294A52948888888888888888888888888888888888888888888888888888888888888888994CA6532994CA6532994CA6532994CA6532994CA6532994CA6532994CA6532994CA6532994CA6532994CA6532994CA6532994CA6532994CA6532994CA6532994CA6532994CA6532984C26130984C26130984C26130984C26130984C26130984C26130984C26130984C26130984C26130984C26130984C26130984C26130984C26130984C26130984C26130984C26131FE83C1C1C1C1C3F1C3F4E0E0E0E0E0E0E0E0E0E0E0E0E0E0E0E1F8E0E0E0E0E0E0E0E0E0E0E1F8E0E0E0E0E0E0E0E0E0E0E1FA7070707070707070FC70FD382222227E222222222222222222222222222222222222222227E222222222222222222222222222222222222222222222222222222222222222222222222222222222222222222222222222222222222222222222222222222222222222222222223AF7F0EBDFC3AF7F0EBDFC3AF7F0EBDFC3AF7F0EBDFC3AF7F0EBDFC3AF7F0EBDFC3AF7F0EBDFC3AF7F0EBDFC3AF775EFE1D7BF875EFE1D7BF8475EFE1D7BF875EFE1D7BF875EFE1D7BF875EFE1D7BF875EFE1D7BF875EFE1D7BF875EFE1D7BF875EFE1D7BF875EFE1D7BF875EFE1D7BF875EFE1D7BF875EFE1D7BF875EFE1D7BF875EFE1D7BF875EFE1D7BF875EFE1D7BF875EFE1D7BF875EFE1D7BF875EFE1D7BF875EFE1D7BF875EFE1D7BF8FF004100000000000000009F44FA265329F44FA27D13E89F44FA27D13E89F44FA27D132994FA27D13E8994CA653E8994FA27D13E89F44FA27D13E89F44FA27D13E89F44FA27D13E89F44FA27D13E89F44FA27D1329F44FA27D13E89F44FA27D13E89F44CA7D13E89F44FA27D13E9FE83FFDA000C030100020003000000104924924924924924924924924924924924924924924924924924924924924924924924924924924924924924924924924924924924924924924924924924924924924924924924924924924924924924924924924924924924924924924924924924924924924924924924924924924924924924924924924924924924924924924924924924924924924924924924924924924924924924924924924924924924924924924924924924924924924924924924924924924924924924924924924924924924924924924924924924924924924924924924924924924924924924924924924924924924924924924924924924924924924924924924924924924924924924924924924924924924924924924924924924924924924924924924924924924924924924924924924924924924924924924924926DB6DB6DB6DB6DB6DB6DB6DB6DB6DB6DB6DB6DB6DB6DB6DBFF00FF00FF00FF00FF00FF00FF00FF00FF00FF00FF00FF00FF00FF00FF00FF00FF00FF00FF00FF00FF00FF00FF00FF00DB6DB6DB6DB6DB6DB6DB6DB6DB6DB6DB6DB6DB6DB6DB6DB6000000000000000000000000000000000000000000000000DB6DB6DB6DB6DB6DB6DB6DB6DB6DB6DB6DB6DB6DB6DB6DB6FF00FF00FF00FF00FF00FF00FF00FF00FF00FF00FF00FF00FF00FF00FF00FF00FF00FF00FF00FF00FF00FF00FF00FF00492492492492492492492492492492492492492492492492B6DB6DB6DB6DB6DB6DB6DB6DB6DB6DB6DB6DB6DB6DB6DB6D000000000000000000000000000000000000000000000000124920924924924924904924102920124924924924920924FF00FF00FF00FF00FF00FF00FF00FBFDFF00FF00FF00FF00FF00FF00FF00FF00FF00FF00FF00FF00F7FF00FF00DB6DB6DB6DB6DB6DB6DB6DB6DB6DB6FB6DB6DB6DB6DB6DB62492492492492492492492492492492492492492492492496DB6DE79B6DB6DB6DB6DB6DB6DB6DB6DE6DB79B6DB6DB79E492492492492492492492492492492492492492492492492DB6DB6DB6DB6DB6DB6DB6DB6DB6DB6DB6DB6DB6DB6DB6DB69249249249A49249249A4924924926924924924934924924249249249249249249249249249249249249249249249249DB6DB6DB6DB6DB6DB6DB6DB6DB6D96DB6DB6DB6DB6DB6DB64944924A25155145225545125149144A2A944945148924A2249249249249249249249589C4E24924927124924929147136DB6DB6DB69B6DB6D36DB4DB6DB6DB4DB6DB6DB6DA6DB6D4924924924924924924924924924924924924924924924929249249249249249249249249249209249249249249249246DFF00FF00FF00EFFF007FFF00FF00FF00FF00FE6FF7FF00EFF7FBFF00FF00FF00FF00FF00DF6DB6DB6DB6DB6DB6D36DB6DB6DB6DB6DB6DB6DB6DB6DB4DB249249249249249249249249249249249249249249249249249249249249249249249249249249249249249249249249DB6D9E1B6DB6DB6D26DB6DB6DB4DB6DB6DB67A6DB6DB6DB6B6DB6DAEDB6B7EDB6BADBF6DB5DB6D76DF6DB6BB6DAED76D000000000000000000000000000000008000000000008000FF00FF00FF00FF00FF00FF007FFEFF00FF00FF00FF00FF00FF00FF00FF00FF00FF00FF00FF00FF00FF00FF00FF00DB6DB6DB6DB6DB6DB6DB6DB6DB6DB6DB6DB6DB6DB6DB6DB6526D34134D36824D24934990834904124986D06D34D84134249249249249249249249249249249249249249249249249FFC400281100020104030100020202030100000000001101516181912171F0B110A1306020E140507090FFDA0008010301013F10FF00EA03AA3AA3AA3AA3AA3AA3AA3AA3AA3AA3AA3AA3AA3AA3AA3AA3AA3AA3AA3AA3AA3AA3AA3AA3AA3AA3AA3AA3AA3AA3AA3AA3AA3AA3AA3AA3AA3AA3AA3AA3AA3AA3AA3AA3AA3AA3AA3AA3AA3AA3AA3AA3AA3AA3AA3AA3AA3AA3AA3AA3AA3AA3AA3AA582C160B0582C160B0582C160B0582C160B0582C160B0582C160B0582C160B0582C160B0582C160B0582C160B0582C160B0582C160B0582C160B0582C160B0582C160B0582C160B1FF80F2391C8E472391C8E472391C8E472391C8E472391C8E472391C8E472391C8E472391C8E472391C8E472391C8E472391C8E472391C8E472391C8E472391C8E472391C8E472391C8E421084210842108421084210842108421084210842108421084210842108421084210842108421084773B9DCEE773B9DCEE773B9DCEE773B9DCEE773B9DCEE773B9DCEE773B9DCEE773B9DCEE773B9DCEE773B9DCEE773B9DCEE773B9DCEE773B9DCEE773B9DCEE773B9DCEE773B9DCEE64C993264C993264C993264C993264C993264C993264C993264C993264C993264C993264C993264C993264C993264C993264C993264C9932210842108421084210842108421084210842108421084210842108421084210842108421084210845D3F057F829AFC14D7E0A6BF0535F829AFC2C9F829AFC14D7E0A6BF057F829AFC15FE0A6BF0535F829AFC14D7E0A6BF0535F829AFC14D7E0A6BF0535F829AFC14D7E174FC14D7E0A6BF0535F829AFC14D7E1D8535F876210535F829AFC14D7E174FC2C9F829AFC14D7E0A6BF0535F829AFC14D7E0AFF0535F829AFC14D7E0AFF0535F829AFC15FE0A6BF0535F82BFC14D7E1D8535F829AFC14D7E0AFF00053414D053414D053414D053414D053414D053414D053414D053414D053414D053414D053414D053414D053414D053414D053414D053414D053414D053414D053414D053414D053414D053414D053414D053414D053414D053414D053414D053414D053414D053414D053414D053414D04A0941282504A0941282504A0941282504A0941282504A0941282504A0941282504A0941282504A0941282504A0941282504A0941282504A0941282504A0941282504A0941282504A0941282504A0941282504A094128250BF1B3AF675ECEBD9D7B3AF65F8D9D7B3AF675ECEBD9D7B3AF675ECEBD9D7B3AF675ECEB3AF675ECEBD9D7B3AF675ECEBD97E3675ECEBD9D7B3AF675ECEBD9D7B3AF675ECEBD9D7B3AF65F8D9D675ECEBD9D7B3AF675ECEBD9D7B3AF675ECEBD9D7B3AF675ECEBD9D7B3AF6759D7B3AF675ECEBD9D7B3AF62504A0941282504A09414504A0A282504A0941282504A0941282504A0941282504A0941282504A0941282504A0941282504A0941282504A0941282505141282504A09412828A0941282504A0941282504A09412825051412828A160B0582C160B0582C160B0582C160B0582C160B0582C160B0582C160B0582C160B0582C160B0582C160B0582C160B0582C160B0582C160B0582C160B0582C160B0582C160B0582C7F414210842108421085F82108421084210BF04210842108421085F8210842108421084217E08421084210BFA0B5B461A30D1868C3461A1ADA30D18686B68C3461A1ADA30D18686B68C3461A30D1868C3461A30D1868C3435B461A30D1868C3461A30D1868C3435B461A30D18686B68C3461A30D1868C3461A1ADA30D0D6D1868C3435B461A1ADA30D1868C3435B461A30D1868C3461A1ADA30D0F491E923D24EB23D247A48F491E923D247A48D491E923D246A48F493A48F491A923D24BE247A49D64B6247A48F493A48F491A923D246A48F491E923D246A48F491A9235246A48F491A923D247A49D647A49D247A48F493AC8F491E923D246A48F491A923D24EB27591E923D247A48F491E927591E92318C6318C6318C6318C6318C6318C6318C6318C6318C6318C6318C6318C6318C6318C6318C6318C635F435F435F435F435F435F435F435F435F435F435F435F435F435F435F435F458F5FEC6BE86BE86BE86BE86BE86BE86BE86BE86BE86BE86BE86BE86BE86BE86BE86BE86BE86BE8B9EBFD8D7D0D7D0D7D0D7D0D7D0D7D0D7D0D7D0D7D0D7D0D7D0D7D0D7D0D7D0D7D0D7D0D7D0D7D0D7D0D7D0D7D0D7D0D7D0D7D0D7D0D7D0D7D0D7D0D41A83506A0D41A83506A0D41A83506A0D41A83506A0D41A83506A0D41A83506A0D41A83506A0D41A83506A0D41A83506A0D41A83506A0D41A83506A0D41A83506A0D41A83506A0D41A83506A0D41A83506A0D41A83506A7FD2D5555555555555555533FE655555555555554A05028FE15F951F851FE2A3F890A051F951F9514FC28FCA8FCA8FE051F951FE0A3F172345C8D172345C8D172345C8D172345C8D172345C8D172345C8D172345C8D172345C8D172345C8D172345C8D172345C8D0AA82E468B91A2E468B91A2E468B91A2E468B91A2E468B91A2E468B91A2E468B91A2E468B91A2E468B91A2E468B91A2E468B91A2E468B91A2E468B91A2E468B91A2E468B91A2E468B91A2E468B91A2E468B91A2E468554172345C8D17235FD070F64C3D930F64C3D930F64C0C3D9303030F64C3D930F64C3D930F64C3D930F64C3D930F64C3D930F64C3D930F64C3D930F64C3D93030F64C3D930F64C3D930F64C3D930F64C3D930F64C3D930F64C0C3D930F64C3D930F64C3D930F64C3D930F64C3D930F64C3D9303030F64C3D930F64C3D930F64C3D930F64C3D93030F64C0C0C3D939393939393939393911C9C9C9C9C9C9C88E44727272727272727272727272727272727272722393939393939393939393911C9C9C9C9C9C9C9C9C88E4E45615856158561585615856158561585615856158561585615856158561585615856158561585615856158561585615856158561585615856158561585615856158561585615856158561585615856158E4E4E4E4E4E4E4E4E4E4E4E4E4E4E4E4E4E4E4E4E4E4E4E4E4E4E4E4E4E4E4E4E4E4E4E4E4E4E4E4E4E4E6A7272727272727272727272727272727353939393939148A45229148A45229148A45229148A45229FC29148A45229A0A45229148A45229148A45229148A45229148A45229148A45229148A45229148A45229148A45229148A45229148A453FD0400000000000000000000000000000002F4FE8F5E82E7B47AF417A4F5E83D7A0F5E83BBF47AF41EBD07AF417A4F5E82F49EBD07AF41DDFA3D7A0F5E83C7A0F1E83C7A0F5E83C7A0F5E83D7A0F5E83D7A0F5E82F4FE8EEFD1EBD05CF87AF41EBD07AF41EBD0777E8F5E83BBF47AF41EBD07AF41EBD07AF41DDFA3D7A0F5E83D7A0EEFD1EBD07AF41EBD05E93D7A0BD27AF41DDFA3D7A0BD27AF41EBD07AF41DA4ED27693B49DA4ED27693B49DA4ED27693B49DA4ED27693B49DA4ED27693B49DA4ED27693B49DA4ED27693B49DA4ED27693B49DA4ED27693B49DA4ED27693B49DA4ED27693B49DA4ED27693B49DA4ED27693B49DA4ED27693B49DA4ED27693B49DA4ED27693B49FFFC400291101010002020203010001040203000000001161710151219141B1F010312040608150A13090F1FFDA0008010201013F10FF00ED02F65ECBD97B2F65ECBD97B2F65ECBD97B2F65ECBD97B2F65ECBD97B2F65ECBD97B2F65ECBD97B2F65ECBD97B2F65ECBD97B2F65ECBD97B2F65ECBD97B2F65ECBD97B2F65ECBD97B2F65ECBD97B2F65ECBD97B2F65ECBD97B2F2BCAF2BCAF2BCAF2BCAF2BCAF2BCAF2BCAF2BCAF2BCAF2BCAF2BCAF2BCAF2BCAF2BCAF2BCAF2BCAF2BCAF2BCAF2BCAF2BCAF2BCAF2BCAF2BCAF2BCAF2BCAF2BCAF2BCAF2BCAF2BCAF2BCAF2BCAF2BCA10842108421084210842108421084210842108421084210842108421084210842108421084210847FC0694A5294A5294A5294A5294A5294A5294A5294A5294A5294A5294A5294A5294A5294A5294A5294A5366CD9B366CD9B366CD9B366CD9B366CD9B366CD9B366CD9B366CD9B366CD9B366CD9B366CD9B366CD9B366CD9B366CD9B366CD9B366CD9B3C76F1DBFEDE3B78EDFF6F1DBC76F1DBC76F1DBC76F1DBC76F1DBFEDE3B78EDE3B78EDE3B78EDE3B78EDE3B78EDE3B78EDE3B78EDE3B78EDE3B78EDE3B78EDE3B78EDE3B7FDBC76F1DBC76F1DBC76F1DBC76F1DBC76F1DBC76F1DBC76F1DBC76F1DBFEDE3B78EDE3B78EDE3B78EDE3BFF0080E8D1A3468D1A3468D1A3468D1A3468D1A3468D1A3468D1A3468D1A3468D1A3468D1A3468D1A3468D1A3468D1A3468D1A3468D1A3468D1A345CAE572B95CAE572B95CAE572B95CAE572B95CAE572B95CAE572B95CAE572B95CAE572B95CAE572BC76B95CAE572B95CAE572B95CAE572B95CAE572B95CAE572B95CAE572B95CAE573FED6F1DFF6F1FF0082BC7FAE1084210842108421084210842F0842F084210842108421084210BC210842108421084210842F0842108428A5294A51792979294A5294A5FE0A5294A52945294A5294A5294A57F052979294A52979294A5294BFC14A52F2529A3468D1A3468D1A3468D1A3468D1A3468D1A3468D1A3468D1A3468D1A3468D1A3468D1A23A68D1A3468D1A3468D1A3468D1A3468D1A3468D17DFEF6BEFF007B5F7FBDAFBFDED7DFEF6BEFF7B5F7FBDAFBFDED7DFEF6BEFF007B5F7FBDAFBFDED7DFEF6BEFF7B5F7FBDAFBFDED7DFEF6BEFF007B5F7FBDAFBFDED7DFEF6BEFF7B5F7FBDAFBFDED7DFEF6BEFF007B5F7FBDAFBFDED7DFEF6BEFF7B5F7FBDAFBFDED7DFEF6BEFF007B5F7FBDAFBFDED7DFEF6BEFF7B5F7FBDAFBFDED7DFEF6BEFF007B5F7FBDAFBFDED7DFEF6BEFF7B5F7FBDAFBFDED7DFEF6BEFF007B5F7FBDAFBFDED7DFEF6BEFF7B5F7FBDAFBFDED7DFEF6BEFF007B5F7FBDAFBFDED7DFEF6BEFF7B5F7FBDAFBFDED08421084210842108421084210842108421084210842108421084210842108421084210842108421B366CD9B366CD9B366CD9B3C7E5B366CD9B366CD9B366CF1F96CD9B366CD9B366CD9B366CF1F96CD9B366CD9B366CD9B366CD9E7F2D9B366CD9B366CD96B5AD6B5AD6B5AD6B5AD6B5AD6B5AD6B5AD6B5AD6B5AD6B5AD6B5AD6B5AD6B5AD6B5AD6B5AD6B5AD91999999999991999991999991999991999999999999999999919999999999999999919999999199999999999991999199999199919999999199999999999199A3468D1A3468D1A3468D1A3468AE9A3468D1A3468D1A3468D1A3468D1A3468D1A3468D1A3468D15D3468D1A3468D1A3468D1A3468D1A3468D13D27A4F49E93D27A4F49E93D27A4F49E93D27A4F49E93D27A4F49E93D27A4F49E93D27A4F49E9C70F9E13D27A4F49E93D27A6C4F49E93D27A4F49E93D27A4F49E93D27A4F49E93D27A4F49E93D27A4F4E387CF0E787C709E9C70F9E13D27A4F4CCCCCCCCCCCC9F9664FCB33327E199993F2CC9F9666666666666666666666666666666664FC33333333333333333333333327E1993F2CC9F966666666664FCB327E1999999999991919191919191919191919191919191919191919191919191919191919191919191919191919191919191919191919191919191919191919191919191919193FF000B79F9E7FDE646464666666666666666666666666666466666666666666666666666666666664646666646666646664666664666664666666666666666666666666666664665294A5294A5294A5294A5294A52BF85294A5294A5294A5294A5294A5294A5294A5294A5294A57F0A529990866423F466666666664333333332199999999990CCCCCCCC86666666642199999999990CC86643333332199999999990CCCCCCCCCC8664332176BB5DAED76ABB555DAED76BB5DAED76BB5DAED76BB5DAED76BB55DAED76BB5DAED76BB5DAED76ABB5DAED76BB5DAED76BB5DAED5576BB5DAED76BB5DAED576AABB781E1E07868D1A34FE68B3FC72D1A3468F03C34781E1A34781E1A34711FE7CB88FF3E5E078781E1E078791E1A3468D1E47868D1E078711FE7CB468D1A3468D1E47868D1A34FE781E1C47F9F2D1A3468F03C34781E1E078781E1A3468D14A5294A5294D14A5294D1A345294A53453468D1A294A529A294A529A294A68A5294A5345294A534529A294AFF80DE3A5E3A5E3A5E3A5E3A5E3A5E3A5E3A5E3A5E3A5E3A5E3A5E3A5E3A5E3A5E3A5E3A5E3A5E3A5E3A5E3A5ED78E978E978E978E978E978E978E978E978E978E978E978E978E978E978E978E978E978E978E978E978E978E978E978E978E978E978E978E978E978E978E978E978E978E978E978E978E978E978E978E978E978E9A7D34FA69F4D3E9A7D34FA69F4D3E9A7D34FA69F4D3E9A7D34FA69F4D3E9A7D34FA69F4D3E9A7D34FA69F4D3E9A7D34FA69F4D3E9A7D34FA69F4D3E9A7D34FA69F4D3E9A7D34FA69F4D3E9A7D34FA69F4D3E9A7D34FA69F4D3E9A7D34FA69F4D3E9A7D34FA69F4D3E9A7D34FA69F4D3E9A7D34FA69F4D3E93D7F29C7B715F1C7B715F1FCB5FF00455CC7C7FEFF009715F1FCB8AF8731F1C7BFF4D5731F1FFB71C39C39E1C67F971C39C7F2E2BE38F7FDAE63E38F69EBFB5C70E70E63E38F7FFC755555CF0E3E3F9715F1C7B71C39F8FED71C39F8731F1C7BFE5CC7C7F2E2BE1CC7C71EFF00B5CCFF00FBFCB9E1C7C7F2AAAAAAAAAAAAAAAAAAAAAAAAAAAAAAAAAAAAAAAAAAAAAAAAAAAAAAAAAAAAAAAAFFC4002710000102070100030101010101010000000001115161718191A1F0D121E1F1B141C1316090FFDA0008010100013F10FF00F5028D946CA3651B28D946CA3651B28D946CA3651B28D946CA3651B28D946CA3651B28D946CA3651B28D946CA3651B28D946CA3651B28D946CA3651B28D946CA3651B28D946CA3651B28D946CA3651B28D946CA3651B28D946CA3651B28D946CA3651B28D946CA3651B192032406480C90192032406480C90192032406480C90192032406480C90192032406480C90192032406480C90192032406480C90192032406480C90192032406480C90192032406480C90192032406480C90192032406480C90192032406480C90192032406480C90192032406480C90192032406480C90FFE0592098419209841920984192098419209841920984192098419209841920984192098419209841920984192098419209841920984192098419209841920984192098419209841920984192098419209841920984192098419209841920984192098419209841920984192098419209841920984192098419209841920984192098419209841920984192098419209841920984192098419209841920984192098419209841920984192098419209841920984192098419209841920984192098419209841920984192098419209841920984192098419209841920984192098425212909484A425212909484A425212909484A425212909484A425212909484A425212909484A425212909484A425212909484A425212909484A425212909484A425212909484A425212909484A425212909484A425212909484A425212909484A425212909484A43A63A63A63A63A63A63A63A63A63A63A63A63A63A63A63A63A63A63A63A63A63A63A63A63A63A63A63A63A63A63A63A63A63A63A63A63A63A63A63A63A63A63A63A63A63A63A63A63A63A63A63A63A63A63A63A63A63A63A63A63A63A63A63A63E60A7CC14F982E0F9829F3053E60B83E60A7CC14F9829F3053E60A7CC14F9829F3053E60A7CC1707CC14F9829F3053E60A7CC14F9829F3053E60A7CC14F9829F3053E60A7CC14F9829F3053E60A7CC14F9829F3053E60A7CC14F9829F3053E60B83E60A7CC14F9829F3053E60A7CC14F9829F3053E60A7CC14F9829F3053E60A7CC14F9829F3053E60B83E60A7CC14F9829F3053E60A7CC14F9828E8A7587453AC3A29D61D14EB0E8A7587453AC3A29D61D14EB0E8A7587453AC3A29D61D14EB0E8A7587453AC3A29D61D14EB0E8A7587453AC3A29D61D14EB0E8A7587453AC3A29D61D14EB0E8A7587453AC3A29D61D14EB0E8A7587453AC3A29D61D14EB0E8A7587453AC3A29D61D14EB0E8A7587453AC3A29D61D14EB0E8A7587453AC3A29D61D14EB0E8A7587453AC3A29D61D14EB0E8A7587453AC3A29D61D14EB0E8A7587453AC3A29D61D14EB0E8A7587453AC3A29D61D14EB0E8A7587453AC3A29D61D14EB15EBECAF5F657AFB2BD7D95EBECAF5F657AFB2BD7D95EBECAF5F657AFB2BD7D95EBECAF5F657AFB2BD7D95EBECAF5F657AFB2BD7D95EBECAF5F657AFB2BD7D95EBECAF5F657AFB2BD7D95EBECAF5F657AFB2BD7D95EBECAF5F657AFB2BD7D95EBECAF5F657AFB2BD7D95EBECAF5F657AFB2BD7D95EBECAF5F657AFB2BD7D95EBECAF5F657AFB2BD7D95EBECAF5F657AFB2BD7D95EBECAF5F657AFB2BD7D95EBECAF5F657AFB2BD7D8AEFF0059FA15160A9D41A6CFD0D367E869B3F434D9FA1A6CFD08CFF59FA1A6CFD0D367E869B3F4222C157A834D9FA15160A9D41A6CFD0D367E869B3F434D9FA1A6CFD0D367E869B3F434D9FA1A6CFD0D367E869B3F434D9FA15DFEB3F434D9FA1A6CFD0D367E869B3F434D9FA15DFE2A75069B3F4233FC55EA0E828D367E869B3F434D9FA15DFEB3F4233FD67E869B3F434D9FA1A6CFD0D367E869B3F434D9FA11160ABD41A6CFD0D367E869B3F42A2C153A834D9FA1A6CFD088B055EA0D367E869B3F4222C157A834D9FA119FE2AF5069B3F434D9FA1A6CFD0A8B054EA0C9F5864FAC327D6193EB0C9F5864FAC327D6193EB0C9F5864FAC327D6193EB0C9F5864FAC327D6193EB0C9F5864FAC327D6193EB0C9F5864FAC327D6193EB0C9F5864FAC327D6193EB0C9F5864FAC327D6193EB0C9F5864FAC327D6193EB0C9F5864FAC327D6193EB0C9F5864FAC3608C7FC7193EB0C9F5864FAC327D6193EB0C9F5864FAC327D6193EB0C9F5864FAC327D6193EB0C9F5864FAC327D6193EB0C9F5864FAC327D6193EB0F97587CBAC3E5D61F2EB0F97587CBAC3E5D61F2EB0F97587CBAC3E5D61F2EB0F97587CBAC3E5D61F2EB0F97587CBAC3E5D61F2EB0F97587CBAC3E5D61F2EB0F97587CBAC3E5D61F2EB0F97587CBAC3E5D61F2EB0F97587CBAC3E5D61F2EB0F97587CBAC3E5D61F2EB0F82687CBAC3E5D61F2EB0F97587CBAC3E5D61F2EB0F97587CBAC3E5D61F2EB0F97587CBAC3E5D61F2EB0F97587CBAC3E5D61F2EB0F97587CBAC3E5D61F2EB0D8709E0D8709E0D8709E0D8709E0D8709E0D8709E0D8709E0C8709E0D8709E0C8709E0D8709E0D8709E0D8709E0D8709E0D8709E0D8709E0D8709E0D8709E0D870361C278361C278361C278361C278361C278361C278361C278361C278361C278361C278361C278361C278361C278361C278361C278361C278361C278361C278361C278361C278361C278361C0D8709E0D8709E0C8709E0D8709E0D8709E0D8709E0D8709E0D8709E0C8709E0D8709E0D8709E0D8709E0D8709E0D8709E0D8709E0D8709E0D870361C278361C278361C278321C278361C278361C2784E4CAF84E4CAF84E4CAF84E4CAF84E4CAF84E4CAF84E4CAF83E5BF09C995F07CB7E13932BE13932BE13932BE13932BE13932BE13932BE13932BE13932BE13932BE13932BE13932BE13932BE13932BE13932BE13932BE13932BE13932BE13932BE13932BE13932BE13932BE13932BE13932BE13932BE13932BE13932BE13932BE13932BE13932BE13932BE13932BE13932BE13932BE0F96FC272657C272657C272657C272657C272657C1F2DF84E4CAF84E4CAF84E4CAF84E4CAF84E4CAF84E4CAF84E4CAF84E4CAF84E4CAF84E4CAF84E4CAF83E5BF09C995F07CB7E12B6BE12B6BE12B6BE12B6BE12B6BE12B6BE12B6BE12B6BE12B6BE12B6BE12B6BE12B6BE12B6BE12B6BE12B6BE12B6BE12B6BE12B6BE12B6BE12B6BE12B6BE12B6BE12B6BE12B6BE12B6BE12B6BE12B6BE12B6BE12B6BE12B6BE12B6BE12B6BE12B6BE12B6BE12B6BE12B6BE12B6BE12B6BE12B6BE12B6BE12B6BE12B6BE12B6BE12B6BE12B6BE12B6BE12B6BE12B6BE12B6BE12B6BE12B6BE12B6BE12B6BE12B6BE12B6BE12B6BE12B6BE12B6BE12B6BE12B6BE12B6BE12B6BE12B6BE12B6BE0F97587CBAC3E5D61F2EB0F97587CBAC3E5D61F2EB0F97587CBAC3E5D61F2EB0F97587CBAC3E5D61F2EB0F97587CBAC3E5D61F2EB0F97587CBAC3E5D61F2EB0F97587CBAC3E5D61F2EB0F97587CBAC3E5D61F2EB0F97587CBAC3E5D61F2EB0F97587CBAC3E5D61F2EB0F97587CBAC3E5D61F2EB0F97587CBAC3E5D61F2EB0F97587CBAC3E5D61F2EB0F97587CBAC3E5D61F2EB0F97587CBAC3E5D61F2EB0F97587CBAC3E5D61F2EB0C8B6322D8C8B6322D8C8B6322D8C8B6322D8C8B6322D8C8B6322D8C8B6322C28C8B6322D8C8B6322D8C8B6322D8C8B6322D8C8B6322D8C8B6322C28C8B6322D8C8B6322D8C8B6322D8C8B6322D8C8B6322D8C8B6322D8C8B6322C28C8B6322D8C8B6322D8C8B6322D8C8B6322D8C8B6322D8C8B6322D8C8B6322D8C8B0A322D8C8B6322D8C8B6322D8C8B6322D8C8B6322D94BAC52EB14BAC52EB14BAC52EB14BAC52EB14BAC52EB14BAC52EB14BAC52EB14BAC52EB14BAC52EB14BAC52EB14BAC52EB14BAC52EB14BAC52EB14BAC52EB14BAC52EB14BAC52EB14BAC52EB14BAC52EB14BAC52EB14BAC52EB14BAC52EB14BAC52EB14BAC52EB14BAC52EB14BAC52EB14BAC52EB14BAC52EB14BAC52EB14BAC52EB14BAC52EB14BAC52EB14BAC52EB0D883620D883620D883620D883620D883620D883620D883620D883620D883620D883620D883620D883620D883620D883620D883620D883620D883620D883620D883620D8F951B106C41B106C41B106C41B106C41B106C41B106C41B106C41B106C41B106C41B106C41B106C41B106C41B10647F9E8C8FF003D191FE7A2C0B9FD191FE7A323FCF4647F9E8C8FF3D191FE7A323FCF459F2C9E8C8FF3D191FE7A24F865F0647F9E8DE27A323FCF449F0CBE0C8FF3D1615CFE8C8FF3D1B1FE7A246B8FD191FE7A323FCF49D7F9F4323FCF459F2C9E8C8FF3D167CB27A323FCF4647F9E8C8FF3D127C32F8323FCF459F2C9E8B3E593D127C32F8323FCF449F0CBE0C8FF003D191FE7A363FCF4647F9E8DE27A323FCF4647F9E8D8FF003D191FE7A323FCF4647F9E893E197C191FE7A2CF964F4647F9E8D8FF003D1B1FE7A323FCF4647F9E8C8FF3D191FE7A323FCF458173FA323FCF46CB6365B1B2D8D96C6CB6365B1B2D8D96C6CB6365B1B2D8D96C6CB6365B1B2D8D96C6CB6365B1B2D8D96C6CB6365B1B2D8D96C6CB6365B1B2D8D96CB56EA2217FF1B961B2D8D96C5427FEB72E365B1B2D8885FF00C65BFF00D30D96C6CB6365B1B2D8D96C6CB6365B1B2D8D96C6CB62A13FF5B971B2D8D96C6CB6365B1B2D8D96C6CB6365B1B2D8D96CB56EA5A9751B2D96ADD46CB62A13FF005B971B2D8CFF0057FE7A70C70C70C70C70C55AFB3862AD7D9C31C3156BECE18E18AB5F633FD5FF009E9527F4E18E18E18E18E18E18E1867FABFF003D38638638638638619FEAFF00CF4E18E18AB5F670C5038638638638638638619FE2FF00DF0E18E18E18AB5F670C55AFB3862AD7D9C31C31C31C31C3156BEC67FABFF3D2AD7D9C31C31C31C31C3143250C943250C943250C943250C943250C943250C943250C943250C943250C943250C943250C943250C943250C943250C943250C943250C943250C943250C943250C943250C943250C943250C943250C943250C943250C943250C943250C943250C943250C943250C943250C943250C94AECA57652BB295D94AECA57652BB295D94AECA57652BB295D94AECA5767CFFF001154A57652BB295D94AECA57652BB3E3FF00A8A852BB295D94AECA57652BB295D94AECA57652BB295D94AECA57652BB295D94AECA57652BB193295D94AECA57652BB295D94AECA57652BB295D94AECA57652BB295D94AECA5767C7FF005150A57652BB3E7FF88AA52BB295D94AECA57652BB2626FC2626FC2626FC2727589C9D62727589C9D62727589C9D62727589C9D62727589C9D62727589C9D6272758989BF09C9D62727589C9D62727589C9D62727589C9D62727589C9D62727589C9D62727589C9D6272758A44C4DF84C4DF84E4EB1393AC4C4DF84E4EB1393AC3DFFAA9D6272758989BF09C9D6272758989BF09C9D6272758989BF09C9D62727589C9D62727589C9D62727589C9D62727589C9D62727589C9D62727589C9D6272758989BF09C9D62BF5CAFD72BF5CAFD72BF5CAFD72BF5CAFD72BF5CAFD72BF5CAFD72BF5CAFD72BF5CAFD72BF5CAFD72BF5CAFD72BF5CAFD72BF5CAFD72BF5CAFD72BF5CAFD72BF5CAFD72BF5CAFD72BF5CAFD72BF5CAFD72BF5CAFD72BF5CAFD72BF5CAFD72BF5CAFD72BF5CAFD72BF5CAFD72BF5CAFD72BF5CAFD72BF5CAFD72BF5CAFD72BF5CAFD72BF5CAFD72BF5CAFD72BF5CAFD71960B851960B81960B81960B851960B81960B81960B851960B851960B851960B851960B851960B81960B851960B851960B851960B851960B81960B851960B851960B851960B851960B851960B81960B851960B851960B851960B851960B81960B851960B851960B851960B851960B81960B81960B851960B851960B851960B851960B851960B81960B851960B81960B851960B81960B851960B851960B851960B81960B851960B851960B851960B851960B851960B81960B851960B851960B851960B851960B851960B81960B851960B81960B851960B81FF851FF00851FF851FF00851FF851F14C7A8A3FF0A3E298F5147C531EA28FFC28FF00C28FFC28FF00C28FFC28FF00C28FFC28FF00C28FFC28FF00C28FFC28FF00C28FFC28FF00C28FFC28FF00C28F8A63D451FF00851FF851FF00851FF851FF00851FF851FF00851FF851FF00851FF851FF00851F14C78883FF000A3FF0A3FF000A3FF0A3FF000A3FF0A3FF000A3FF0A3FF000A3FF0A3FF000A3E298F5147C531E220FF00C28FFC28FF00C28FFC28FF00C28FFC28FF00C28FFC28F8A63C441FF851F14C78883E298F1107FE14ACACACACACACAB4563E25656565656565656565656563E23E25656565656565656565656563E256565656565656565656565655A2B1F12B2B2B2B2B2B2B2B2B2B2B2B2B1B31B31B31B31B31B31B31B31B316174EA0D98D98D98D98D98B0BA75048DD7A8360A3663663663663662C2E9D41B316174EA0B0BA750585D3A8360A366366366366366246EBD41B31B31B31B31B316174EA0D98D98D98D828D98D98D98D98D98D98B0BA7506CC6CC6CC6CC6CC585D3A83663662C2E9D41B31B31B31B151B151B151B151B151B151B151B151B151B151B151B151B151B151B151B151B151B151B151B151B151B151B151B151B151B151B151B151B151B151B151B151B151B151B151B151B151B151B151B151B151B151B41B151B151B151B151B151B151B151B151B151B151B151B151B151B151B151B51B151B151B151B151B151BF00DF806FC037E01BF00DF806FC037E01BF00DF806FC037E01BF00DF806FC037E01BF041BF00DF806FC037E01C9FF008AA9671BF00DF806FC037E01BF00DF806FC037E01BF00DF806FC037E01BF00DF806FC037E01BF00DF806FC037E01BF00DF806FC037E01BF00DF806FC037E01BF00DF806FC037E01BF00DF806FC037E01BF00DF806FC037E01BF00DF807474A3A3A51D1D28E8E947474A3A3A51D1D28E8E947474A3A3A51D1D28E8E947474A3A3A51D1D28E8E947474A3A3A51D1D28E8E947474A3A3A51D1D28E8E947474A3A3A51D1D28E8E947474A3A3A51D1D28E8E947474A3A3A51D1D28E8E947474A3A3A51D1D28E8E947474A3A3A51D1D28E8E947474A3A3A51D1D28E8E947474A3A3A51D1D28E8E947474A3A3A51D1D28E8E947474A3A3A51D1D28E8E947474A3A3A51D1D28E8E94AF6F074142426B121703E61D0508BA5DFF10741422E97783A0A1D05BF8551D050F9874143E6242E07BFCD227F455D6EF074143A0A252E3C252E3D252E3C1D0512971E8E8287C16C8FFAA83A0A1D050F82DD1FF154AF6F045D2EF074142AFF00CF9C3FAC3E0B747FC551D050E82874142AEB7783A0A1174BBC1D050E82874143A0A1E1174BBC242E07874142AEB7783C3E0B747FC551D050F9874143E6242E055D6EF0741422FF00DF8CBF8E3A0A1E1D050D35C8D35C8D35C8D35C8D35C8D35C8D35C8D35C8D35FE7F069AE469AE469AE469AE469AE469AE469AE469AE469AE469AFF7FA34D7234D7FBFD1A6BFDFE8D35C8D35C8D35C8D35C8D35C8D35C8D35C8D35C8D35FE7F069AE469AE469AE469AE469AE469AE469AE469AFF003F834D7234D7234D7234D7234D7234D7234D7234D7234D7234D7234D7234D7F9FC1A6B91A6B91A6B91A6B91A6B91A6B91A6B91A6B91A6B91A6B91A6BFCFE0D35C8D35C9FFFD9,'APOLLO HOSPITAL CBE'),
 ('LID1003','TKID1002','DID1000','ieTZm606gm18pL9fBGDrFw==','UID1002','3rgyzeoP0r9a7Nby/P2e/A==','ENT','2022-03-20','XRAY','2800','','','','',0x6572657265726572,'APOLLO HOSPITAL CBE'),
 ('LID1004','TKID1003','DID1000','ieTZm606gm18pL9fBGDrFw==','UID1003','3rgyzeoP0r9a7Nby/P2e/A==','ENT','2024-02-06','XRAY','2800','','','','',0x6572657265726572,'APOLLO HOSPITAL CBE');
/*!40000 ALTER TABLE `dtest` ENABLE KEYS */;


--
-- Definition of table `erequest`
--

DROP TABLE IF EXISTS `erequest`;
CREATE TABLE `erequest` (
  `eid` varchar(50) default NULL,
  `userid` varchar(50) default NULL,
  `name` varchar(50) default NULL,
  `desc` varchar(255) default NULL,
  `date` varchar(255) default NULL,
  `status` varchar(255) default NULL,
  `uname` varchar(255) default NULL
) ENGINE=InnoDB DEFAULT CHARSET=latin1;

--
-- Dumping data for table `erequest`
--

/*!40000 ALTER TABLE `erequest` DISABLE KEYS */;
INSERT INTO `erequest` (`eid`,`userid`,`name`,`desc`,`date`,`status`,`uname`) VALUES 
 ('EID9999','F','F','F','F','F','F'),
 ('EID10000','UID1003','ECC/SgFKvUxtSYjSqWlatQ==','uflL5qeMGj9U+BTCXNTKTQ==','2024-03-09','Accept','Emergency');
/*!40000 ALTER TABLE `erequest` ENABLE KEYS */;


--
-- Definition of table `etest`
--

DROP TABLE IF EXISTS `etest`;
CREATE TABLE `etest` (
  `lid` varchar(250) default NULL,
  `tid1` varchar(250) default NULL,
  `did` varchar(250) default NULL,
  `dname` varchar(250) default NULL,
  `uid` varchar(250) default NULL,
  `uname` varchar(250) default NULL,
  `specialist` varchar(250) default NULL,
  `date` varchar(250) default NULL,
  `bp` varchar(250) default NULL,
  `temp` varchar(250) default NULL,
  `hospital` varchar(250) default NULL
) ENGINE=InnoDB DEFAULT CHARSET=latin1 ROW_FORMAT=COMPACT;

--
-- Dumping data for table `etest`
--

/*!40000 ALTER TABLE `etest` DISABLE KEYS */;
INSERT INTO `etest` (`lid`,`tid1`,`did`,`dname`,`uid`,`uname`,`specialist`,`date`,`bp`,`temp`,`hospital`) VALUES 
 ('LID999',NULL,NULL,NULL,NULL,NULL,NULL,NULL,NULL,NULL,NULL),
 ('LID1000','TKID1002','DID1000','ieTZm606gm18pL9fBGDrFw==','UID1002','3rgyzeoP0r9a7Nby/P2e/A==','2/Xajm4h7/us2Le0JQ/Ejw==','2022-03-20','100','120','APOLLO HOSPITAL CBE');
/*!40000 ALTER TABLE `etest` ENABLE KEYS */;


--
-- Definition of table `graph`
--

DROP TABLE IF EXISTS `graph`;
CREATE TABLE `graph` (
  `algorithms` varchar(50) default NULL,
  `tsensitive` varchar(50) default NULL,
  `taccuracy` varchar(50) default NULL,
  `t1sensitive` varchar(50) default NULL,
  `t1accuracy` varchar(50) default NULL,
  `t2sensitive` varchar(50) default NULL,
  `t2accuracy` varchar(50) default NULL
) ENGINE=InnoDB DEFAULT CHARSET=latin1 ROW_FORMAT=COMPACT;

--
-- Dumping data for table `graph`
--

/*!40000 ALTER TABLE `graph` DISABLE KEYS */;
INSERT INTO `graph` (`algorithms`,`tsensitive`,`taccuracy`,`t1sensitive`,`t1accuracy`,`t2sensitive`,`t2accuracy`) VALUES 
 ('decisiontree','95.29%','98.o1%','94.68%','98.01%','62.81%','66.93%'),
 ('decision','97.10%','99.30%','96.30%','99.36%','66.60%','71.83%'),
 ('naivebayes','94.82%','97.87%','93.80%','98.05%','64.21%','69.32%');
/*!40000 ALTER TABLE `graph` ENABLE KEYS */;


--
-- Definition of table `hospital`
--

DROP TABLE IF EXISTS `hospital`;
CREATE TABLE `hospital` (
  `hid` varchar(50) default NULL,
  `hname` varchar(50) default NULL
) ENGINE=InnoDB DEFAULT CHARSET=latin1;

--
-- Dumping data for table `hospital`
--

/*!40000 ALTER TABLE `hospital` DISABLE KEYS */;
INSERT INTO `hospital` (`hid`,`hname`) VALUES 
 ('HID1000','APOLLO HOSPITAL CBE');
/*!40000 ALTER TABLE `hospital` ENABLE KEYS */;


--
-- Definition of table `login`
--

DROP TABLE IF EXISTS `login`;
CREATE TABLE `login` (
  `uname` varchar(255) default NULL,
  `pass` varchar(255) default NULL,
  `role` varchar(255) default NULL
) ENGINE=InnoDB DEFAULT CHARSET=latin1;

--
-- Dumping data for table `login`
--

/*!40000 ALTER TABLE `login` DISABLE KEYS */;
INSERT INTO `login` (`uname`,`pass`,`role`) VALUES 
 ('Admin','Admin','Admin'),
 ('Pharmacy','Pharmacy','Pharmacy'),
 ('Emergency','Emergency','Emergency');
/*!40000 ALTER TABLE `login` ENABLE KEYS */;


--
-- Definition of table `loginblock`
--

DROP TABLE IF EXISTS `loginblock`;
CREATE TABLE `loginblock` (
  `hasblock` varchar(255) default NULL,
  `transactions` varchar(255) default NULL,
  `username` varchar(50) default NULL,
  `dates` varchar(50) default NULL,
  `status` varchar(50) default NULL,
  `form` varchar(50) default NULL
) ENGINE=InnoDB DEFAULT CHARSET=latin1 ROW_FORMAT=COMPACT;

--
-- Dumping data for table `loginblock`
--

/*!40000 ALTER TABLE `loginblock` DISABLE KEYS */;
INSERT INTO `loginblock` (`hasblock`,`transactions`,`username`,`dates`,`status`,`form`) VALUES 
 ('977b07579e5c7ba957830f47c8fa98b9c3ff41b7a84c215008c0d8b70a89e99d','e0df85a837af82d4c8918c1623753aad4de6788e8a8121e0a34196cea60ba848','asvp','2024-2-06 09:39:49','Valid','User Login'),
 ('de6d8a964917776fc95a1c36a458c469fc238259e10b20c17bcb12092757329f','814b5fb9df53fd8a056dbdda7b090e18d7991237a74d238bc7a35b60b6323ad4','DID1000','2024-2-06 10:58:34','Valid','Doctor Login'),
 ('afbd3ea3834cec80a99de1fbaea59ebf8e2b3deb279fe232ac525aea6fe74891','90fcba73ff03c818634fcdce507034d0f81de88175ddc697c5821027efc4a9a0','NID1000','2024-2-06 11:00:04','Valid','Nurse Login'),
 ('9df0aa1afa9f6a804aca2bce8b494853ab914a6049a8172be68c33782fbe9d30','f08cc03f08bff4463231d8fab0779954e1c43c0974db259c02ad30766fd78143','LID1002','2024-2-06 11:01:11','Valid','Lab Login'),
 ('8599af149dffd9f5a08b0a651ffc5322e24162c66d8ec473bd830a1c02e996b3','250cb7718dfd26fd03d0bea2e296c9726e2e43951088e27e6eef5cc956230717','asvp','2024-2-15 12:36:19','Valid','User Login'),
 ('d1ef1a1cb2bf347f6a57727231d94115d1f0bf8083047f1edc56238f8d17348f','5539f8a5d39bb351253ec146b6fa5b6e4e77f3f48211d9984cb58df303dd4776','muruga','2024-3-08 10:40:49','Valid','User Login'),
 ('7228da6b422cf7d7c3e85c6b4991947d1be120b5bb602003289a7ad0651a1d33','92c9bcf122b008efb317acb8e3d80f5d880a749bb397ea556d72d635abd68dc1','admin','2024-3-08 10:41:41','Valid','Admin Login'),
 ('b99ec2b3576ab59ca7459ea0c5b807411a06b3568bf564223f8b7d13098025fe','5379bf4f282ff8e3ffc7cc2614cb503e372022b5206d693585774e241fdadce8','admin','2024-3-08 10:41:41','InValid','Admin Login'),
 ('7551fd585a6f606bf5ba8fe07122305517953f57a675fe557c295a1464240bc3','6719d906c815bce92254b93091291c8d4d94b06dbf401a6294a0e2980bed6bd0','DID1000','2024-3-08 10:48:44','Valid','Doctor Login'),
 ('572a5194c835c1ef294b6c86344b00f5ccef274658a2b714a7a2d631e0fcf88f','df9ff5450f14e285ab3719023b42fb4b0b94b1ca5c976463c1b962c6f7fc87a0','DID1000','2024-3-08 10:48:44','InValid','Doctor Login'),
 ('e7698431da304833952875e11fc3fe8c701834ee144244ddf1d5ecb1e72e0711','3762b5ac7c12e1da0489831c7a0be584d1cf8b71fa83ce7527f8aac3c58e38a1','DID1000','2024-3-08 10:50:46','Valid','Doctor Login'),
 ('41cc2825e7599c272226f98cbcf906034b4149627330d7dbb2c1933c18599780','8ea83df7f7a1eb9a72fa6447a0a10fc407cb7dabcd293224bf09790c1a5957a0','DID1000','2024-3-08 10:50:46','InValid','Doctor Login'),
 ('dbb0c682a8af1ff7ed633ddca43f0edd32301d7d5d426f12c37edcb2b83e1c31','215a475f31ad7fc2061e29a9c90144a6456c3bb89e0e40827858814ad3edc0b8','NID1000','2024-3-08 10:52:42','Valid','Nurse Login'),
 ('35aa18fdcae3d6cea3617ed125b9f85814bdfda6af0742f5ea32805f5fbdc134','aa1dcf0b665feff98fd0455271250a10ea4022b4138cd8047931eafe2607dc37','Emergency','2024-3-09 12:28:08','InValid','Admin Login'),
 ('8e1a74274b09a722a0007de9450756ec4bf441d5187e514bc2118bbe184041dd','d769cf7cf8ef763bff997329a8c9f31972f289340c6c155b8acc3951605b268d','Emergency','2024-3-09 12:28:08','InValid','Admin Login'),
 ('bc829453d82e01343c6b1c7c28239049de485a1075734c8ee5661f13fffbd231','49c13c7568330b9ef5ba31679c5fcb78a23225e46c1cd997807a5225dad34f24','Emergency','2024-3-09 12:28:08','Valid','Admin Login'),
 ('70905b1df96c4fc17d4923922da37b6d112e75066e1a25ada622897c36f29451','010d0780e91568ba81bbaff7c63fd2f56a1947ff32d9eada88a7594795c90204','muruga','2024-3-09 12:36:59','Valid','User Login'),
 ('98e8137cf924e3f2b2e24996ed9e36acabdd51c8ac072ea9b4870017ae9b36e6','b234f5b6e8ac10bcb8c76628dffa8ec436f11dc26a9b4bf0e54d48c6c5d3fea9','Emergency','2024-3-09 12:43:37','InValid','Admin Login'),
 ('395c69910ac80b891a87e1069cbb5d0631c34fdff875c49e3aa6d8255a576693','ecc90eca1e5929dc2064ee49bec78a527c1c7cc3bd76d9a5ceaf465c06f9ce36','Emergency','2024-3-09 12:43:37','InValid','Admin Login'),
 ('a73df009075016b286d63d748e199e9e31a76b10f60f76c0965afcbe5f1d1ab3','fea834b6b0b24ebd0208040aac7abf63616243c8735e84e235a3a98962d741f0','Emergency','2024-3-09 12:43:37','Valid','Admin Login'),
 ('ffe890e9c244b187e7640595ac15813de2a937eeaeee0c2d74e50df448c477e3','ffe890e9c244b187e7640595ac15813de2a937eeaeee0c2d74e50df448c477e3','DID1000','2024-5-03 09:24:04','Valid','Doctor Login'),
 ('4313040ed6a20c5de3779d631a771fd0b1526f9df00f8afaa1613f856b713062','4313040ed6a20c5de3779d631a771fd0b1526f9df00f8afaa1613f856b713062','DID1000','2024-5-03 09:41:54','Valid','Doctor Login'),
 ('ffe890e9c244b187e7640595ac15813de2a937eeaeee0c2d74e50df448c477e3','ffe890e9c244b187e7640595ac15813de2a937eeaeee0c2d74e50df448c477e3','DID1000','2024-5-03 11:12:25','Valid','Doctor Login');
/*!40000 ALTER TABLE `loginblock` ENABLE KEYS */;


--
-- Definition of table `microdata`
--

DROP TABLE IF EXISTS `microdata`;
CREATE TABLE `microdata` (
  `id` int(11) NOT NULL auto_increment,
  `name` varchar(20) default NULL,
  `age` int(11) default NULL,
  `sex` varchar(5) default NULL,
  `zipcode` varchar(50) default NULL,
  `disease` varchar(30) default NULL,
  `addres` varchar(255) default NULL,
  `pancard` varchar(255) default NULL,
  `emailid` varchar(255) default NULL,
  `phone` varchar(255) default NULL,
  PRIMARY KEY  (`id`)
) ENGINE=InnoDB AUTO_INCREMENT=1052 DEFAULT CHARSET=latin1 ROW_FORMAT=COMPACT;

--
-- Dumping data for table `microdata`
--

/*!40000 ALTER TABLE `microdata` DISABLE KEYS */;
INSERT INTO `microdata` (`id`,`name`,`age`,`sex`,`zipcode`,`disease`,`addres`,`pancard`,`emailid`,`phone`) VALUES 
 (1001,'Suresh',22,'M','47906','dyspepsia',NULL,NULL,NULL,NULL),
 (1002,'maheshwari',22,'F','47906','flu',NULL,NULL,NULL,NULL),
 (1003,'muthu',33,'M','47905',' flu',NULL,NULL,NULL,NULL),
 (1004,'sathya',52,'F','47905',' bronchitis',NULL,NULL,NULL,NULL),
 (1005,'velu',54,'M','47302',' flu',NULL,NULL,NULL,NULL),
 (1006,'mani',60,'M','47302',' dyspepsia',NULL,NULL,NULL,NULL),
 (1007,'nilays',60,'M','47304',' dyspepsia',NULL,NULL,NULL,NULL),
 (1008,'meenashi',64,'F','47304',' gastritis',NULL,NULL,NULL,NULL),
 (1009,'maheshwari',22,'F','47906','flu',NULL,NULL,NULL,NULL),
 (1010,'muthu',33,'M','47905',' flu',NULL,NULL,NULL,NULL),
 (1011,'sathya',52,'F','47905',' bronchitis',NULL,NULL,NULL,NULL),
 (1012,'velu',54,'M','47302',' flu',NULL,NULL,NULL,NULL),
 (1013,'mani',60,'M','47302',' dyspepsia',NULL,NULL,NULL,NULL),
 (1014,'nilays',60,'M','47304',' dyspepsia',NULL,NULL,NULL,NULL),
 (1015,'meenashi',64,'F','47304',' gastritis',NULL,NULL,NULL,NULL),
 (1016,'maheshwari',22,'F','47906','flu',NULL,NULL,NULL,NULL),
 (1017,'muthu',33,'M','47905',' flu',NULL,NULL,NULL,NULL),
 (1018,'sathya',52,'F','47905',' bronchitis',NULL,NULL,NULL,NULL),
 (1019,'velu',54,'M','47302',' flu',NULL,NULL,NULL,NULL),
 (1020,'mani',60,'M','47302',' dyspepsia',NULL,NULL,NULL,NULL),
 (1021,'nilays',60,'M','47304',' dyspepsia',NULL,NULL,NULL,NULL),
 (1022,'meenashi',64,'F','47304',' gastritis',NULL,NULL,NULL,NULL),
 (1023,'maheshwari',22,'F','47906','flu',NULL,NULL,NULL,NULL),
 (1024,'muthu',33,'M','47905',' flu',NULL,NULL,NULL,NULL),
 (1025,'sathya',52,'F','47905',' bronchitis',NULL,NULL,NULL,NULL),
 (1026,'velu',54,'M','47302',' flu',NULL,NULL,NULL,NULL),
 (1027,'mani',60,'M','47302',' dyspepsia',NULL,NULL,NULL,NULL),
 (1028,'nilays',60,'M','47304',' dyspepsia',NULL,NULL,NULL,NULL),
 (1029,'meenashi',64,'F','47304',' gastritis',NULL,NULL,NULL,NULL),
 (1030,'maheshwari',22,'F','47906','flu',NULL,NULL,NULL,NULL),
 (1031,'muthu',33,'M','47905',' flu',NULL,NULL,NULL,NULL),
 (1032,'sathya',52,'F','47905',' bronchitis',NULL,NULL,NULL,NULL),
 (1033,'velu',54,'M','47302',' flu',NULL,NULL,NULL,NULL),
 (1034,'mani',60,'M','47302',' dyspepsia',NULL,NULL,NULL,NULL),
 (1035,'nilays',60,'M','47304',' dyspepsia',NULL,NULL,NULL,NULL),
 (1036,'meenashi',64,'F','47304',' gastritis',NULL,NULL,NULL,NULL),
 (1037,'maheshwari',22,'F','47906','flu',NULL,NULL,NULL,NULL),
 (1038,'muthu',33,'M','47905',' flu',NULL,NULL,NULL,NULL),
 (1039,'sathya',52,'F','47905',' bronchitis',NULL,NULL,NULL,NULL),
 (1040,'velu',54,'M','47302',' flu',NULL,NULL,NULL,NULL),
 (1041,'mani',60,'M','47302',' dyspepsia',NULL,NULL,NULL,NULL),
 (1042,'nilays',60,'M','47304',' dyspepsia',NULL,NULL,NULL,NULL),
 (1043,'meenashi',64,'F','47304',' gastritis',NULL,NULL,NULL,NULL),
 (1050,'sathishs',24,' M','47609',' Flu',NULL,NULL,NULL,NULL),
 (1051,'sassa',28,'M','232323','HEART ATTACK','asasas','sdsdaxtms332','asvperumal@gmail.com','9791334452');
/*!40000 ALTER TABLE `microdata` ENABLE KEYS */;


--
-- Definition of table `microdata1`
--

DROP TABLE IF EXISTS `microdata1`;
CREATE TABLE `microdata1` (
  `id` int(11) NOT NULL auto_increment,
  `name` varchar(20) default NULL,
  `age` int(11) default NULL,
  `sex` varchar(5) default NULL,
  `zipcode` varchar(50) default NULL,
  `disease` varchar(30) default NULL,
  `addres` varchar(255) default NULL,
  `pancard` varchar(255) default NULL,
  `emailid` varchar(255) default NULL,
  `phone` varchar(255) default NULL,
  PRIMARY KEY  (`id`)
) ENGINE=InnoDB AUTO_INCREMENT=1052 DEFAULT CHARSET=latin1 ROW_FORMAT=COMPACT;

--
-- Dumping data for table `microdata1`
--

/*!40000 ALTER TABLE `microdata1` DISABLE KEYS */;
INSERT INTO `microdata1` (`id`,`name`,`age`,`sex`,`zipcode`,`disease`,`addres`,`pancard`,`emailid`,`phone`) VALUES 
 (1001,'Suresh',22,'M','47906','dyspepsia',NULL,NULL,NULL,NULL),
 (1002,'maheshwari',22,'F','47906','flu',NULL,NULL,NULL,NULL),
 (1003,'muthu',33,'M','47905',' flu',NULL,NULL,NULL,NULL),
 (1004,'sathya',52,'F','47905',' bronchitis',NULL,NULL,NULL,NULL),
 (1005,'velu',54,'M','47302',' flu',NULL,NULL,NULL,NULL),
 (1006,'mani',60,'M','47302',' dyspepsia',NULL,NULL,NULL,NULL),
 (1007,'nilays',60,'M','47304',' dyspepsia',NULL,NULL,NULL,NULL),
 (1008,'meenashi',64,'F','47304',' gastritis',NULL,NULL,NULL,NULL),
 (1009,'maheshwari',22,'F','47906','flu',NULL,NULL,NULL,NULL),
 (1010,'muthu',33,'M','47905',' flu',NULL,NULL,NULL,NULL),
 (1011,'sathya',52,'F','47905',' bronchitis',NULL,NULL,NULL,NULL),
 (1012,'velu',54,'M','47302',' flu',NULL,NULL,NULL,NULL),
 (1013,'mani',60,'M','47302',' dyspepsia',NULL,NULL,NULL,NULL),
 (1014,'nilays',60,'M','47304',' dyspepsia',NULL,NULL,NULL,NULL),
 (1015,'meenashi',64,'F','47304',' gastritis',NULL,NULL,NULL,NULL),
 (1016,'maheshwari',22,'F','47906','flu',NULL,NULL,NULL,NULL),
 (1017,'muthu',33,'M','47905',' flu',NULL,NULL,NULL,NULL),
 (1018,'sathya',52,'F','47905',' bronchitis',NULL,NULL,NULL,NULL),
 (1019,'velu',54,'M','47302',' flu',NULL,NULL,NULL,NULL),
 (1020,'mani',60,'M','47302',' dyspepsia',NULL,NULL,NULL,NULL),
 (1021,'nilays',60,'M','47304',' dyspepsia',NULL,NULL,NULL,NULL),
 (1022,'meenashi',64,'F','47304',' gastritis',NULL,NULL,NULL,NULL),
 (1023,'maheshwari',22,'F','47906','flu',NULL,NULL,NULL,NULL),
 (1024,'muthu',33,'M','47905',' flu',NULL,NULL,NULL,NULL),
 (1025,'sathya',52,'F','47905',' bronchitis',NULL,NULL,NULL,NULL),
 (1026,'velu',54,'M','47302',' flu',NULL,NULL,NULL,NULL),
 (1027,'mani',60,'M','47302',' dyspepsia',NULL,NULL,NULL,NULL),
 (1028,'nilays',60,'M','47304',' dyspepsia',NULL,NULL,NULL,NULL),
 (1029,'meenashi',64,'F','47304',' gastritis',NULL,NULL,NULL,NULL),
 (1030,'maheshwari',22,'F','47906','flu',NULL,NULL,NULL,NULL),
 (1031,'muthu',33,'M','47905',' flu',NULL,NULL,NULL,NULL),
 (1032,'sathya',52,'F','47905',' bronchitis',NULL,NULL,NULL,NULL),
 (1033,'velu',54,'M','47302',' flu',NULL,NULL,NULL,NULL),
 (1034,'mani',60,'M','47302',' dyspepsia',NULL,NULL,NULL,NULL),
 (1035,'nilays',60,'M','47304',' dyspepsia',NULL,NULL,NULL,NULL),
 (1036,'meenashi',64,'F','47304',' gastritis',NULL,NULL,NULL,NULL),
 (1037,'maheshwari',22,'F','47906','flu',NULL,NULL,NULL,NULL),
 (1038,'muthu',33,'M','47905',' flu',NULL,NULL,NULL,NULL),
 (1039,'sathya',52,'F','47905',' bronchitis',NULL,NULL,NULL,NULL),
 (1040,'velu',54,'M','47302',' flu',NULL,NULL,NULL,NULL),
 (1041,'mani',60,'M','47302',' dyspepsia',NULL,NULL,NULL,NULL),
 (1042,'nilays',60,'M','47304',' dyspepsia',NULL,NULL,NULL,NULL),
 (1043,'meenashi',64,'F','47304',' gastritis',NULL,NULL,NULL,NULL),
 (1050,'sathishs',24,' M','47609',' Flu',NULL,NULL,NULL,NULL),
 (1051,'sassa',28,'M','232323','HEART ATTACK','asasas','sdsdaxtms332','asvperumal@gmail.com','9791334452');
/*!40000 ALTER TABLE `microdata1` ENABLE KEYS */;


--
-- Definition of table `pharmacy`
--

DROP TABLE IF EXISTS `pharmacy`;
CREATE TABLE `pharmacy` (
  `pid` varchar(255) default NULL,
  `mname` varchar(255) default NULL,
  `desc` varchar(255) default NULL,
  `amount` varchar(255) default NULL
) ENGINE=InnoDB DEFAULT CHARSET=latin1;

--
-- Dumping data for table `pharmacy`
--

/*!40000 ALTER TABLE `pharmacy` DISABLE KEYS */;
INSERT INTO `pharmacy` (`pid`,`mname`,`desc`,`amount`) VALUES 
 ('1001','CROCIN','fever','3'),
 ('1002','paracetamol','body pain','3'),
 ('1003','metacine','Headache','5'),
 ('1004','gfgf','gfgfgf','34'),
 ('1005','e','ee','3');
/*!40000 ALTER TABLE `pharmacy` ENABLE KEYS */;


--
-- Definition of table `pharmacydescribtion`
--

DROP TABLE IF EXISTS `pharmacydescribtion`;
CREATE TABLE `pharmacydescribtion` (
  `ppid` varchar(30) NOT NULL,
  `pid` varchar(45) NOT NULL,
  `name` varchar(255) NOT NULL,
  `reason` varchar(255) NOT NULL,
  `date` varchar(45) NOT NULL,
  `medicine` varchar(45) NOT NULL,
  `mno` varchar(45) NOT NULL,
  `medicine1` varchar(45) NOT NULL,
  `m1no` varchar(30) NOT NULL,
  `medicine2` varchar(45) NOT NULL,
  `m2no` varchar(45) NOT NULL,
  `doctor` varchar(45) NOT NULL,
  `total` int(20) unsigned NOT NULL,
  `hospital` varchar(50) NOT NULL default '0',
  PRIMARY KEY  (`ppid`)
) ENGINE=InnoDB DEFAULT CHARSET=latin1 ROW_FORMAT=COMPACT;

--
-- Dumping data for table `pharmacydescribtion`
--

/*!40000 ALTER TABLE `pharmacydescribtion` DISABLE KEYS */;
INSERT INTO `pharmacydescribtion` (`ppid`,`pid`,`name`,`reason`,`date`,`medicine`,`mno`,`medicine1`,`m1no`,`medicine2`,`m2no`,`doctor`,`total`,`hospital`) VALUES 
 ('PPID200','dfdf','dfdf','dfdf','2012-11-10','CROCHIN','2','CROCHIN','2','CROCHIN','2','null',12,'0'),
 ('PPID417','UID854','ramesh','fever','2012-02-15','PARASITAMAL','5','CROCHIN','5','CROCHIN','0','null',25,'0'),
 ('PPID463','UID8624','Sathish','fever','2012-06-26','asds','3','asds','3','asds','3','null',27,'0'),
 ('PPID695','UID101','sathish','fever','2012-02-14','CROCHIN','3','PARASITAMAL','4','CROCHIN','3','DID1001',24,'0'),
 ('PPID739','UID8624','Sathish','fever','2012-10-17','PARASITAMAL','2','asds','2','asds','2','null',18,'0'),
 ('PPID782','UID8624','Sathish','fever','2012-06-06','CROCHIN','4','CROCHIN','4','PARASITAMAL','4','null',28,'0'),
 ('PPID849','UID8624','Sathish','fever','2012-06-06','CROCHIN','1','CROCHIN','1','CROCHIN','1','null',6,'0');
/*!40000 ALTER TABLE `pharmacydescribtion` ENABLE KEYS */;


--
-- Definition of table `policy1`
--

DROP TABLE IF EXISTS `policy1`;
CREATE TABLE `policy1` (
  `pid` varchar(255) default NULL,
  `fname` varchar(255) default NULL,
  `gender` varchar(255) default NULL,
  `dob` varchar(255) default NULL,
  `pancardno` varchar(255) default NULL,
  `rationno` varchar(255) default NULL,
  `voterid` varchar(255) default NULL,
  `drivinglicense` varchar(255) default NULL,
  `marital` varchar(255) default NULL,
  `nationality` varchar(255) default NULL,
  `occupation` varchar(255) default NULL,
  `email` varchar(255) default NULL,
  `contactno` varchar(255) default NULL,
  `mobile` varchar(255) default NULL,
  `prefermode` varchar(255) default NULL,
  `peroid` varchar(255) default NULL,
  `paddress` varchar(255) default NULL,
  `pstate` varchar(255) default NULL,
  `pcity` varchar(255) default NULL,
  `ppincode` varchar(255) default NULL,
  `caddress` varchar(255) default NULL,
  `cstate` varchar(255) default NULL,
  `ccity` varchar(255) default NULL,
  `cpincode` varchar(255) default NULL,
  `name` varchar(255) default NULL,
  `agender` varchar(255) default NULL,
  `relation` varchar(255) default NULL,
  `date` varchar(255) default NULL,
  `year` varchar(255) default NULL,
  `amount` varchar(255) default NULL,
  `pamount` varchar(255) default NULL,
  `tamount` varchar(255) default NULL,
  `total` varchar(255) default NULL,
  `month` varchar(255) default NULL,
  `uname` varchar(255) default NULL,
  `pass` varchar(255) default NULL,
  `policyid` varchar(255) default NULL,
  `policyname` varchar(255) default NULL,
  `role` varchar(255) default NULL,
  `disease` varchar(255) default NULL,
  `desc` varchar(255) default NULL
) ENGINE=InnoDB DEFAULT CHARSET=latin1 ROW_FORMAT=COMPACT;

--
-- Dumping data for table `policy1`
--

/*!40000 ALTER TABLE `policy1` DISABLE KEYS */;
INSERT INTO `policy1` (`pid`,`fname`,`gender`,`dob`,`pancardno`,`rationno`,`voterid`,`drivinglicense`,`marital`,`nationality`,`occupation`,`email`,`contactno`,`mobile`,`prefermode`,`peroid`,`paddress`,`pstate`,`pcity`,`ppincode`,`caddress`,`cstate`,`ccity`,`cpincode`,`name`,`agender`,`relation`,`date`,`year`,`amount`,`pamount`,`tamount`,`total`,`month`,`uname`,`pass`,`policyid`,`policyname`,`role`,`disease`,`desc`) VALUES 
 ('SIP110001','VelayuthaPerumalAS','Male','16-05-1986','ABCD1001','ABCD1OO1','ABCD1OO1','ABCD1OO1','Single','INDIAN','Employee','asvperumal@gmail.com','9791334452','9791334452','online','15-02-2013','c 52 ramasamy nagar\r\nudumalpet','Tamil Nadu','COIMBATORE','642126','c 52 ramasamy nagar\r\nudumalpet','Tamil Nadu','COIMBATORE','642126','VelayuthaPerumal','Male','SELF','15-02-2013','3years','300000','1000','10','1010','35','SIP110001','16-05-1986','1010','36','client','Heart attack, cancer','Heart attack, cancer'),
 ('SIP110002','asvperumal','Male','16-05-1986','AKLPV1910D','AKLPV1910D','AKLPV1910D','AKLPV1910D','Married','INDIAN','Business','asvperumal@gmail.com','042245455656','9791334452','online','21-03-2025','cbe','Tamil Nadu','COIMBATORE','641027','cbe','Tamil Nadu','COIMBATORE','641027','asvperumal','Male','SPOUSE','03-03-2023','3years','300000','1000','10','1010','36','SIP110002','AKLPV1910D','POLICY101','HCPOLICY1','client','Heart attack, cancer','Heart attack, cancer');
/*!40000 ALTER TABLE `policy1` ENABLE KEYS */;


--
-- Definition of table `pro1`
--

DROP TABLE IF EXISTS `pro1`;
CREATE TABLE `pro1` (
  `id` varchar(50) default NULL,
  `age` varchar(50) default NULL,
  `sex` varchar(50) default NULL,
  `zipcode` varchar(50) default NULL,
  `disease` varchar(50) default NULL
) ENGINE=InnoDB DEFAULT CHARSET=latin1;

--
-- Dumping data for table `pro1`
--

/*!40000 ALTER TABLE `pro1` DISABLE KEYS */;
INSERT INTO `pro1` (`id`,`age`,`sex`,`zipcode`,`disease`) VALUES 
 ('1001','20-60','*','*****','dyspepsia'),
 ('1002','20-60','*','*****','flu'),
 ('1009','20-60','*','*****','flu'),
 ('1016','20-60','*','*****','flu'),
 ('1023','20-60','*','*****','flu'),
 ('1030','20-60','*','*****','flu'),
 ('1037','20-60','*','*****','flu'),
 ('1050','20-60','*','*****',' Flu'),
 ('1051','20-60','*','*****','HEART ATTACK'),
 ('1040','20-60','*','4730*',' flu'),
 ('1019','20-60','*','4730*',' flu'),
 ('1012','20-60','*','4730*',' flu'),
 ('1033','20-60','*','4730*',' flu'),
 ('1005','20-60','*','4730*',' flu'),
 ('1026','20-60','*','4730*',' flu'),
 ('1038','20-60','*','4790*',' flu'),
 ('1032','20-60','*','4790*',' bronchitis'),
 ('1031','20-60','*','4790*',' flu'),
 ('1039','20-60','*','4790*',' bronchitis'),
 ('1025','20-60','*','4790*',' bronchitis'),
 ('1024','20-60','*','4790*',' flu'),
 ('1018','20-60','*','4790*',' bronchitis'),
 ('1017','20-60','*','4790*',' flu'),
 ('1011','20-60','*','4790*',' bronchitis'),
 ('1010','20-60','*','4790*',' flu'),
 ('1004','20-60','*','4790*',' bronchitis'),
 ('1003','20-60','*','4790*',' flu'),
 ('1006','20-60','*','473**',' dyspepsia'),
 ('1042','20-60','*','473**',' dyspepsia'),
 ('1041','20-60','*','473**',' dyspepsia'),
 ('1036','20-60','*','473**',' gastritis'),
 ('1035','20-60','*','473**',' dyspepsia'),
 ('1034','20-60','*','473**',' dyspepsia'),
 ('1029','20-60','*','473**',' gastritis'),
 ('1028','20-60','*','473**',' dyspepsia'),
 ('1027','20-60','*','473**',' dyspepsia'),
 ('1022','20-60','*','473**',' gastritis'),
 ('1021','20-60','*','473**',' dyspepsia'),
 ('1020','20-60','*','473**',' dyspepsia'),
 ('1015','20-60','*','473**',' gastritis'),
 ('1014','20-60','*','473**',' dyspepsia'),
 ('1013','20-60','*','473**',' dyspepsia'),
 ('1008','20-60','*','473**',' gastritis'),
 ('1007','20-60','*','473**',' dyspepsia'),
 ('1043','20-60','*','473**',' gastritis');
/*!40000 ALTER TABLE `pro1` ENABLE KEYS */;


--
-- Definition of table `randomno`
--

DROP TABLE IF EXISTS `randomno`;
CREATE TABLE `randomno` (
  `uname` varchar(20) default NULL,
  `rdm` varchar(45) default NULL
) ENGINE=InnoDB DEFAULT CHARSET=latin1;

--
-- Dumping data for table `randomno`
--

/*!40000 ALTER TABLE `randomno` DISABLE KEYS */;
INSERT INTO `randomno` (`uname`,`rdm`) VALUES 
 ('DID1000','0');
/*!40000 ALTER TABLE `randomno` ENABLE KEYS */;


--
-- Definition of table `register`
--

DROP TABLE IF EXISTS `register`;
CREATE TABLE `register` (
  `uid` varchar(255) NOT NULL,
  `uname` varchar(45) NOT NULL,
  `pass` varchar(45) NOT NULL,
  `name` varchar(45) NOT NULL,
  `dob` varchar(45) NOT NULL,
  `age` varchar(45) NOT NULL,
  `address` varchar(45) NOT NULL,
  `mobile` varchar(45) NOT NULL,
  `email` varchar(45) NOT NULL,
  `role` varchar(45) NOT NULL,
  PRIMARY KEY  (`uid`)
) ENGINE=InnoDB DEFAULT CHARSET=latin1;

--
-- Dumping data for table `register`
--

/*!40000 ALTER TABLE `register` DISABLE KEYS */;
INSERT INTO `register` (`uid`,`uname`,`pass`,`name`,`dob`,`age`,`address`,`mobile`,`email`,`role`) VALUES 
 ('UID1001','sathish','sathish','KESxZH6tkswWZuraGsEflA==','6QXqj1K/zsYy2qXtTN4rqA==','pFkOn+KVKWzoRAPdYnz1tA==','/lgxs+A5oR2kHU455VTHww==','7HPSW1MntGrCSPJ07zEL+g==','p3wcKAuZl8+CNJgxQCv7I1xuCZYuEYlEHJOs2qta0zo=','patient'),
 ('UID1002','3rgyzeoP0r9a7Nby/P2e/A==','3rgyzeoP0r9a7Nby/P2e/A==','3rgyzeoP0r9a7Nby/P2e/A==','lBmgwBkM07RXiH0khLBVgA==','K5G4pEcXi1g6t1PmsKwEuQ==','B9FGbJPT5bcexJD6fWgDCg==','7HPSW1MntGrCSPJ07zEL+g==','p3wcKAuZl8+CNJgxQCv7I1xuCZYuEYlEHJOs2qta0zo=','patient'),
 ('UID1003','ECC/SgFKvUxtSYjSqWlatQ==','ECC/SgFKvUxtSYjSqWlatQ==','ECC/SgFKvUxtSYjSqWlatQ==','EpnjdJzgUYWBk/jgpAWGZw==','K5G4pEcXi1g6t1PmsKwEuQ==','/YyRCc2edsHo6L8yTpPPEg==','7HPSW1MntGrCSPJ07zEL+g==','p3wcKAuZl8+CNJgxQCv7I1xuCZYuEYlEHJOs2qta0zo=','patient');
/*!40000 ALTER TABLE `register` ENABLE KEYS */;


--
-- Definition of table `register1`
--

DROP TABLE IF EXISTS `register1`;
CREATE TABLE `register1` (
  `userid` varchar(20) NOT NULL,
  `username` varchar(45) NOT NULL,
  `password` varchar(45) NOT NULL,
  `name` varchar(45) NOT NULL,
  `dob` varchar(45) NOT NULL,
  `email` varchar(45) NOT NULL,
  `address` varchar(255) NOT NULL,
  `question` varchar(255) NOT NULL,
  `answer` varchar(255) NOT NULL,
  `mobile` varchar(45) NOT NULL,
  `rexpress` varchar(255) NOT NULL,
  `express` varchar(255) NOT NULL,
  `jar` varchar(45) NOT NULL,
  `image` varchar(255) NOT NULL,
  `jad` varchar(255) NOT NULL,
  PRIMARY KEY  (`userid`)
) ENGINE=InnoDB DEFAULT CHARSET=latin1;

--
-- Dumping data for table `register1`
--

/*!40000 ALTER TABLE `register1` DISABLE KEYS */;
INSERT INTO `register1` (`userid`,`username`,`password`,`name`,`dob`,`email`,`address`,`question`,`answer`,`mobile`,`rexpress`,`express`,`jar`,`image`,`jad`) VALUES 
 ('20','1111111','123456','Mani','mani@gmail.com','2003-02-14','udumalpet','What is your Pet name?','mani','9791334452','3','((((b11*b12*b13)*((b12*b13)*b11))+((b11*b12*b13)+((b11*b13)*b12))+((b11^b12*b13)*((b11*b12)*b13))))/10000','import/v3.jar','null','import/import/v3.jad'),
 ('476','1001','1234567','sathish','asvperumal@gmail.com','1996-05-15','udumalpet','What is your Pet name?','sathish','9791334452','3','((((b11*b12*b13)*((b12*b13)*b11))+((b11*b12*b13)+((b11*b13)*b12))+((b11^b12*b13)*((b11*b12)*b13))))/10000','import/v3.jar','null','import/import/v3.jad'),
 ('692','1002','velu230020','Velu','asvperumal@gmail.com','1980-12-18','Udumalpet','What is your Pet name?','velu','9791334452','3','((((b11*b12*b13)*((b12*b13)*b11))+((b11*b12*b13)+((b11*b13)*b12))+((b11^b12*b13)*((b11*b12)*b13))))/10000','import/v3.jar','null','import/import/v3.jad'),
 ('891','10023','123456','sasas','asas@gmail.com','2013-03-14','sdsdsdsd','What is your Pet name?','sasas','9791334452','2','(((b11*b12*b13)+((b12+b13)*b11))+((b11*b12*b13)+((b11+b13)*b12))+((b11*b12*b13)+((b11+b12)*b13)))','import/v2.jar','null','import/import/v2.jad');
/*!40000 ALTER TABLE `register1` ENABLE KEYS */;


--
-- Definition of table `register2`
--

DROP TABLE IF EXISTS `register2`;
CREATE TABLE `register2` (
  `userid` varchar(20) NOT NULL,
  `name` varchar(45) NOT NULL,
  `disease` varchar(45) NOT NULL,
  `gender` varchar(45) NOT NULL,
  `stage` varchar(255) NOT NULL,
  `duration` varchar(255) NOT NULL,
  `outcome` varchar(255) NOT NULL,
  `hospital` varchar(255) NOT NULL,
  PRIMARY KEY  (`userid`)
) ENGINE=InnoDB DEFAULT CHARSET=latin1 ROW_FORMAT=COMPACT;

--
-- Dumping data for table `register2`
--

/*!40000 ALTER TABLE `register2` DISABLE KEYS */;
INSERT INTO `register2` (`userid`,`name`,`disease`,`gender`,`stage`,`duration`,`outcome`,`hospital`) VALUES 
 ('20','Mani','mani@gmail.com','2003-02-14','udumalpet','What is your Pet name?','mani',''),
 ('raman','raman','cancer','MALE','STARTING','6month','feeling better','kmch'),
 ('sathish','sathish','cancer','MALE','MIDDLE','12month','feeling better','appollo'),
 ('simran','simarn','cancer','FEMALE','MIDDLE','12month','feeling better','apollo'),
 ('UID1001','UID1001','CANCER','MALE','STARTING','ddd','ddd','ddd');
/*!40000 ALTER TABLE `register2` ENABLE KEYS */;


--
-- Definition of table `room`
--

DROP TABLE IF EXISTS `room`;
CREATE TABLE `room` (
  `tid` varchar(250) default NULL,
  `uid` varchar(250) default NULL,
  `uname` varchar(250) default NULL,
  `doctor` varchar(250) default NULL,
  `specialist` varchar(250) default NULL,
  `doa` varchar(250) default NULL,
  `reason` varchar(250) default NULL,
  `nroom` varchar(250) default NULL,
  `ndays` varchar(250) default NULL,
  `conform` varchar(250) default NULL
) ENGINE=InnoDB DEFAULT CHARSET=latin1;

--
-- Dumping data for table `room`
--

/*!40000 ALTER TABLE `room` DISABLE KEYS */;
INSERT INTO `room` (`tid`,`uid`,`uname`,`doctor`,`specialist`,`doa`,`reason`,`nroom`,`ndays`,`conform`) VALUES 
 ('TKID1005','UID1001','KESxZH6tkswWZuraGsEflA==','santhosh','ENT','2013-03-25','good','4','2',''),
 ('TKID1002','UID1001','KESxZH6tkswWZuraGsEflA==','santhosh','ENT','2013-03-25','good','4','2',NULL);
/*!40000 ALTER TABLE `room` ENABLE KEYS */;


--
-- Definition of table `searchblock`
--

DROP TABLE IF EXISTS `searchblock`;
CREATE TABLE `searchblock` (
  `hasblock` varchar(50) default NULL,
  `transactions` varchar(50) default NULL,
  `doctorid` varchar(50) default NULL,
  `dname` varchar(50) default NULL,
  `specialist` varchar(50) default NULL,
  `patientid` varchar(50) default NULL,
  `pname` varchar(50) default NULL,
  `dates` varchar(50) default NULL,
  `fdate` varchar(50) default NULL,
  `type` varchar(50) default NULL
) ENGINE=InnoDB DEFAULT CHARSET=latin1 ROW_FORMAT=COMPACT;

--
-- Dumping data for table `searchblock`
--

/*!40000 ALTER TABLE `searchblock` DISABLE KEYS */;
INSERT INTO `searchblock` (`hasblock`,`transactions`,`doctorid`,`dname`,`specialist`,`patientid`,`pname`,`dates`,`fdate`,`type`) VALUES 
 ('2d31333230323837363738','2d363630313433383339','DID1000','ieTZm606gm18pL9fBGDrFw==','2/Xajm4h7/us2Le0JQ/Ejw==','UID1002','3rgyzeoP0r9a7Nby/P2e/A==','2024-5-03 09:54:50','2024-5-03','information'),
 ('2d31313332343331333338','2d353636323135363639','DID1000','ieTZm606gm18pL9fBGDrFw==','2/Xajm4h7/us2Le0JQ/Ejw==','UID1002','3rgyzeoP0r9a7Nby/P2e/A==','2024-5-03 09:56:43','2024-5-03','information'),
 ('2d31313332343331333338','2d353636323135363639','DID1000','ieTZm606gm18pL9fBGDrFw==','2/Xajm4h7/us2Le0JQ/Ejw==','UID1002','3rgyzeoP0r9a7Nby/P2e/A==','2024-5-03 09:57:04','2024-5-03','information'),
 ('2d31363038303134333032','31333433343736343937','DID1000','ieTZm606gm18pL9fBGDrFw==','2/Xajm4h7/us2Le0JQ/Ejw==','UID1002','UID1002','2024-5-03 11:12:48','2024-5-03','Test information'),
 ('2d31363038303134333032','31333433343736343937','DID1000','ieTZm606gm18pL9fBGDrFw==','2/Xajm4h7/us2Le0JQ/Ejw==','UID1002','UID1002','2024-5-03 11:12:48','2024-5-03','Test information');
/*!40000 ALTER TABLE `searchblock` ENABLE KEYS */;


--
-- Definition of table `temp_st`
--

DROP TABLE IF EXISTS `temp_st`;
CREATE TABLE `temp_st` (
  `cname` varchar(255) default NULL,
  `tname` varchar(255) default NULL,
  `temp` varchar(10) default NULL
) ENGINE=InnoDB DEFAULT CHARSET=latin1 ROW_FORMAT=COMPACT;

--
-- Dumping data for table `temp_st`
--

/*!40000 ALTER TABLE `temp_st` DISABLE KEYS */;
INSERT INTO `temp_st` (`cname`,`tname`,`temp`) VALUES 
 ('vantex1','Cotton','35'),
 ('vantex1','Cotton','35'),
 ('vantex1','Cotton','35'),
 ('vantex1','Cotton','35'),
 ('vantex1','Cotton','35'),
 ('vantex1','Cotton','36'),
 ('vantex1','a3','36'),
 ('vantex1','Cotton','35'),
 ('vantex1','Cotton','35'),
 ('vantex1','Cotton','35'),
 ('vantex1','Cotton','35'),
 ('vantex1','Cotton','35'),
 ('vantex1','Cotton','35'),
 ('vantex1','Cotton','36'),
 ('vantex1','a3','36'),
 ('vantex1','Cotton','35'),
 ('vantex1','Cotton','35'),
 ('vantex1','Cotton','35'),
 ('vantex1','Cotton','36'),
 ('vantex1','a3','36'),
 ('vantex1','Cotton','35'),
 ('vantex1','Cotton','35'),
 ('vantex1','Cotton','35'),
 ('vantex1','Cotton','35'),
 ('vantex1','Cotton','35'),
 ('vantex1','Cotton','35'),
 ('vantex1','Cotton','35'),
 ('vantex1','Cotton','35'),
 ('vantex1','Cotton','35'),
 ('vantex1','Cotton','35'),
 ('vantex1','Cotton','36'),
 ('vantex1','a3','36'),
 ('vantex1','Cotton','35'),
 ('vantex1','Cotton','36'),
 ('vantex1','a3','36'),
 ('vantex1','Cotton','36'),
 ('vantex1','a3','36'),
 ('vantex1','Cotton','35'),
 ('vantex1','Cotton','35'),
 ('vantex1','Cotton','35'),
 ('vantex1','Cotton','36'),
 ('vantex1','a3','36'),
 ('vantex1','Cotton','35'),
 ('vantex1','Cotton','36'),
 ('vantex1','a3','36'),
 ('vantex1','Cotton','35'),
 ('vantex1','Cotton','35'),
 ('vantex1','Cotton','35'),
 ('vantex1','Cotton','35'),
 ('vantex1','Cotton','35'),
 ('vantex1','Cotton','35'),
 ('vantex1','Cotton','35'),
 ('vantex1','Cotton','35'),
 ('vantex1','Cotton','35'),
 ('vantex1','Cotton','35'),
 ('vantex1','Cotton','36'),
 ('vantex1','a3','36'),
 ('vantex1','Cotton','35'),
 ('vantex1','Cotton','36'),
 ('vantex1','a3','36'),
 ('vantex1','Cotton','35'),
 ('vantex1','Cotton','35'),
 ('vantex1','Cotton','35'),
 ('vantex1','Cotton','35'),
 ('vantex1','Cotton','35'),
 ('vantex1','Cotton','35'),
 ('vantex1','Cotton','35'),
 ('vantex1','Cotton','36'),
 ('vantex1','a3','36'),
 ('vantex1','Cotton','35'),
 ('vantex1','Cotton','36'),
 ('vantex1','a3','36'),
 ('vantex1','Cotton','35'),
 ('vantex1','Cotton','36'),
 ('vantex1','a3','36'),
 ('vantex1','Cotton','35'),
 ('vantex1','Cotton','36'),
 ('vantex1','a3','36'),
 ('vantex1','Cotton','36'),
 ('vantex1','a3','36'),
 ('vantex1','Cotton','35'),
 ('vantex1','Cotton','36'),
 ('vantex1','a3','36'),
 ('vantex1','Cotton','35'),
 ('vantex1','Cotton','35'),
 ('vantex1','Cotton','36'),
 ('vantex1','a3','36'),
 ('vantex1','Cotton','35'),
 ('vantex1','Cotton','35'),
 ('vantex2','','36'),
 ('vantex2','','36'),
 ('vantex2','','35'),
 ('vantex2','','36'),
 ('vantex2','','35'),
 ('vantex2','','35'),
 ('vantex2','','35'),
 ('vantex2','','36'),
 ('vantex2','','36'),
 ('vantex2','','35'),
 ('vantex2','','36'),
 ('vantex2','','36'),
 ('vantex2','','35'),
 ('vantex2','','36'),
 ('vantex2','','36'),
 ('vantex2','','35'),
 ('vantex2','','35'),
 ('vantex2','','35'),
 ('vantex2','','35'),
 ('vantex2','','35'),
 ('vantex2','','36'),
 ('vantex2','','35'),
 ('vantex2','','35'),
 ('vantex2','','35'),
 ('vantex2','','36'),
 ('vantex2','','35'),
 ('vantex2','','35'),
 ('vantex2','','35');
/*!40000 ALTER TABLE `temp_st` ENABLE KEYS */;


--
-- Definition of table `test`
--

DROP TABLE IF EXISTS `test`;
CREATE TABLE `test` (
  `tid` varchar(250) default NULL,
  `tname` varchar(250) default NULL,
  `description` varchar(250) default NULL,
  `amount` varchar(250) default NULL
) ENGINE=InnoDB DEFAULT CHARSET=latin1;

--
-- Dumping data for table `test`
--

/*!40000 ALTER TABLE `test` DISABLE KEYS */;
INSERT INTO `test` (`tid`,`tname`,`description`,`amount`) VALUES 
 ('TID1002','XRAY','XRAY','800'),
 ('TID1003','XRAY','XRAY','2800'),
 ('TID1001','NICE','Body PAin','3'),
 ('TID1004','dfdf','dfdf','34'),
 ('TID1005','blood test','blood test','350');
/*!40000 ALTER TABLE `test` ENABLE KEYS */;


--
-- Definition of table `testblock`
--

DROP TABLE IF EXISTS `testblock`;
CREATE TABLE `testblock` (
  `hasblock` varchar(50) default NULL,
  `transactions` varchar(50) default NULL,
  `doctorid` varchar(50) default NULL,
  `dname` varchar(50) default NULL,
  `patientid` varchar(50) default NULL,
  `pname` varchar(50) default NULL,
  `test` varchar(50) default NULL,
  `dates` varchar(50) default NULL
) ENGINE=InnoDB DEFAULT CHARSET=latin1 ROW_FORMAT=COMPACT;

--
-- Dumping data for table `testblock`
--

/*!40000 ALTER TABLE `testblock` DISABLE KEYS */;
/*!40000 ALTER TABLE `testblock` ENABLE KEYS */;


--
-- Definition of table `timing`
--

DROP TABLE IF EXISTS `timing`;
CREATE TABLE `timing` (
  `tid` varchar(50) default NULL
) ENGINE=InnoDB DEFAULT CHARSET=latin1;

--
-- Dumping data for table `timing`
--

/*!40000 ALTER TABLE `timing` DISABLE KEYS */;
INSERT INTO `timing` (`tid`) VALUES 
 ('09:00AM - 09:30 AM'),
 ('09:30AM -10:00 AM'),
 ('10:00AM -10:30 AM'),
 ('10:30AM -1 1:00 AM'),
 ('11:30AM - 12:00 AM'),
 ('12:30PM - 01:00PM'),
 ('11:00AM -11:30 AM'),
 ('12:00AM -12:30 AM'),
 ('01:30PM - 02:00PM'),
 ('03:00PM - 03:30PM'),
 ('03:30PM - 04:00PM'),
 ('04:30PM - 05:00PM'),
 ('07:30PM - 08:00PM'),
 ('08:30PM - 09:00PM'),
 ('08:00PM - 08:30PM');
/*!40000 ALTER TABLE `timing` ENABLE KEYS */;


--
-- Definition of table `token`
--

DROP TABLE IF EXISTS `token`;
CREATE TABLE `token` (
  `tid` varchar(250) default NULL,
  `uid` varchar(250) default NULL,
  `uname` varchar(250) default NULL,
  `email` varchar(250) default NULL,
  `mobile` varchar(250) default NULL,
  `specialist` varchar(250) default NULL,
  `doa` varchar(250) default NULL,
  `reason` varchar(250) default NULL,
  `conform` varchar(250) default NULL,
  `dat` varchar(250) default NULL,
  `dor` varchar(250) default NULL,
  `hospital` varchar(250) default NULL
) ENGINE=InnoDB DEFAULT CHARSET=latin1;

--
-- Dumping data for table `token`
--

/*!40000 ALTER TABLE `token` DISABLE KEYS */;
INSERT INTO `token` (`tid`,`uid`,`uname`,`email`,`mobile`,`specialist`,`doa`,`reason`,`conform`,`dat`,`dor`,`hospital`) VALUES 
 ('TKID1001','UID1002','3rgyzeoP0r9a7Nby/P2e/A==','p3wcKAuZl8+CNJgxQCv7I1xuCZYuEYlEHJOs2qta0zo=','7HPSW1MntGrCSPJ07zEL+g==','2/Xajm4h7/us2Le0JQ/Ejw==','gEqJ9xFoZAD6tv5rA3ewww==','FewI8AEf+1JZJAOh6ujhIg==','','','2024-02-06','APOLLO HOSPITAL CBE'),
 ('TKID1002','UID1002','3rgyzeoP0r9a7Nby/P2e/A==','p3wcKAuZl8+CNJgxQCv7I1xuCZYuEYlEHJOs2qta0zo=','7HPSW1MntGrCSPJ07zEL+g==','2/Xajm4h7/us2Le0JQ/Ejw==','G3vRR0XXwYozfRCalamsZQ==','FewI8AEf+1JZJAOh6ujhIg==','','','2024-02-15','APOLLO HOSPITAL CBE'),
 ('TKID1003','UID1003','ECC/SgFKvUxtSYjSqWlatQ==','p3wcKAuZl8+CNJgxQCv7I1xuCZYuEYlEHJOs2qta0zo=','7HPSW1MntGrCSPJ07zEL+g==','2/Xajm4h7/us2Le0JQ/Ejw==','TayBreD/KVLXWW+otyYeYQ==','FewI8AEf+1JZJAOh6ujhIg==','Confirm','2024-03-08','2024-03-08','APOLLO HOSPITAL CBE');
/*!40000 ALTER TABLE `token` ENABLE KEYS */;


--
-- Definition of table `transaction`
--

DROP TABLE IF EXISTS `transaction`;
CREATE TABLE `transaction` (
  `oid` int(11) default NULL,
  `aid` varchar(50) default NULL,
  `fname` varchar(50) default NULL,
  `pid` varchar(50) default NULL,
  `pname` varchar(50) default NULL,
  `premium` varchar(50) default NULL,
  `tax` varchar(50) default NULL,
  `tamount` varchar(50) default NULL,
  `tdate` varchar(50) default NULL
) ENGINE=InnoDB DEFAULT CHARSET=latin1;

--
-- Dumping data for table `transaction`
--

/*!40000 ALTER TABLE `transaction` DISABLE KEYS */;
INSERT INTO `transaction` (`oid`,`aid`,`fname`,`pid`,`pname`,`premium`,`tax`,`tamount`,`tdate`) VALUES 
 (10000,'SIP110001','VelayuthaPerumalAS','1010','36','300000','10','1010','2023-03-03');
/*!40000 ALTER TABLE `transaction` ENABLE KEYS */;


--
-- Definition of table `verify`
--

DROP TABLE IF EXISTS `verify`;
CREATE TABLE `verify` (
  `uid` varchar(50) default NULL,
  `uname` varchar(50) default NULL,
  `gender` varchar(50) default NULL,
  `age` varchar(50) default NULL,
  `smoking` varchar(50) default NULL,
  `overweight` varchar(50) default NULL,
  `alcohol` varchar(50) default NULL,
  `highsaltdiet` varchar(50) default NULL,
  `highsaturated` varchar(50) default NULL,
  `exercise` varchar(50) default NULL,
  `sedentary` varchar(50) default NULL,
  `hereditary` varchar(50) default NULL,
  `cholestrol` varchar(50) default NULL,
  `bpressure` varchar(50) default NULL,
  `bsugar` varchar(50) default NULL,
  `heart` varchar(50) default NULL,
  `test` varchar(50) default NULL
) ENGINE=InnoDB DEFAULT CHARSET=latin1 ROW_FORMAT=COMPACT;

--
-- Dumping data for table `verify`
--

/*!40000 ALTER TABLE `verify` DISABLE KEYS */;
INSERT INTO `verify` (`uid`,`uname`,`gender`,`age`,`smoking`,`overweight`,`alcohol`,`highsaltdiet`,`highsaturated`,`exercise`,`sedentary`,`hereditary`,`cholestrol`,`bpressure`,`bsugar`,`heart`,`test`) VALUES 
 ('UID1001','mani','Male','50','Past','YES','Past','YES','YES','Never','YES','YES','High','High','High',' High','Very High');
/*!40000 ALTER TABLE `verify` ENABLE KEYS */;


--
-- Definition of table `verify1`
--

DROP TABLE IF EXISTS `verify1`;
CREATE TABLE `verify1` (
  `uid` varchar(50) default NULL,
  `uname` varchar(50) default NULL,
  `hr_la` varchar(50) default NULL,
  `hbalc_1` varchar(50) default NULL,
  `bun_l` varchar(50) default NULL,
  `cho_l` varchar(50) default NULL,
  `tri_1` varchar(50) default NULL,
  `glu_l` varchar(50) default NULL,
  `hdl_l` varchar(50) default NULL,
  `ldl_l` varchar(50) default NULL,
  `pt_l` varchar(50) default NULL,
  `aptt_la` varchar(50) default NULL,
  `alb_1` varchar(50) default NULL,
  `ua_l` varchar(50) default NULL,
  `test` varchar(50) default NULL
) ENGINE=InnoDB DEFAULT CHARSET=latin1 ROW_FORMAT=COMPACT;

--
-- Dumping data for table `verify1`
--

/*!40000 ALTER TABLE `verify1` DISABLE KEYS */;
INSERT INTO `verify1` (`uid`,`uname`,`hr_la`,`hbalc_1`,`bun_l`,`cho_l`,`tri_1`,`glu_l`,`hdl_l`,`ldl_l`,`pt_l`,`aptt_la`,`alb_1`,`ua_l`,`test`) VALUES 
 ('UID1003','saravana','90','345','34','343','34','343','343','343','343','343','343','343','Normal'),
 ('UID1001','mani','23','23','445','45','45','45','45','45','45','45','45','45','Normal'),
 ('UID1001','mani','80','6','20','200','140','110','60','100','6','23','3','3','Normal'),
 ('UID1001','mani','87','7','21','220','150','110','60','110','11','24','4','6','Normal'),
 ('UID1001','KESxZH6tkswWZuraGsEflA==','323','322','322','232','322','232','322','233','232','233','232','232','Normal');
/*!40000 ALTER TABLE `verify1` ENABLE KEYS */;


--
-- Definition of table `verify2`
--

DROP TABLE IF EXISTS `verify2`;
CREATE TABLE `verify2` (
  `uid` varchar(50) default NULL,
  `name` varchar(250) default NULL,
  `gender` varchar(250) default NULL,
  `age` varchar(250) default NULL,
  `blood` varchar(250) default NULL,
  `marital` varchar(250) default NULL,
  `smoking` varchar(250) default NULL,
  `drinking` varchar(250) default NULL,
  `bmi_1` varchar(250) default NULL,
  `bfat_1` varchar(250) default NULL,
  `wb_1` varchar(250) default NULL
) ENGINE=InnoDB DEFAULT CHARSET=latin1 ROW_FORMAT=COMPACT;

--
-- Dumping data for table `verify2`
--

/*!40000 ALTER TABLE `verify2` DISABLE KEYS */;
INSERT INTO `verify2` (`uid`,`name`,`gender`,`age`,`blood`,`marital`,`smoking`,`drinking`,`bmi_1`,`bfat_1`,`wb_1`) VALUES 
 ('UID1001','KESxZH6tkswWZuraGsEflA==','Male','232','O-','UNMARRIED','Yes','Yes','NO','2323','3223');
/*!40000 ALTER TABLE `verify2` ENABLE KEYS */;


--
-- Definition of table `verify3`
--

DROP TABLE IF EXISTS `verify3`;
CREATE TABLE `verify3` (
  `uid` varchar(50) default NULL,
  `name` varchar(50) default NULL,
  `non-fast` varchar(50) default NULL,
  `result` varchar(50) default NULL,
  `low density` varchar(50) default NULL,
  `results` varchar(50) default NULL,
  `triglyceride` varchar(50) default NULL,
  `result1` varchar(50) default NULL
) ENGINE=InnoDB DEFAULT CHARSET=latin1 ROW_FORMAT=COMPACT;

--
-- Dumping data for table `verify3`
--

/*!40000 ALTER TABLE `verify3` DISABLE KEYS */;
/*!40000 ALTER TABLE `verify3` ENABLE KEYS */;


--
-- Definition of table `verify4`
--

DROP TABLE IF EXISTS `verify4`;
CREATE TABLE `verify4` (
  `uid` varchar(250) default NULL,
  `name` varchar(250) default NULL,
  `diabetes` varchar(250) default NULL,
  `hypertension` varchar(250) default NULL,
  `immunodsorption` varchar(250) default NULL,
  `hyperlipemia` varchar(250) default NULL,
  `ischemic` varchar(250) default NULL,
  `myocardial` varchar(250) default NULL,
  `arrhythmia` varchar(250) default NULL,
  `cardiogenic` varchar(250) default NULL
) ENGINE=InnoDB DEFAULT CHARSET=latin1 ROW_FORMAT=COMPACT;

--
-- Dumping data for table `verify4`
--

/*!40000 ALTER TABLE `verify4` DISABLE KEYS */;
INSERT INTO `verify4` (`uid`,`name`,`diabetes`,`hypertension`,`immunodsorption`,`hyperlipemia`,`ischemic`,`myocardial`,`arrhythmia`,`cardiogenic`) VALUES 
 ('','','767','767','767',NULL,NULL,NULL,NULL,NULL),
 ('','','YES','YES','NO','NO','NO','NO','NO','NO'),
 ('UID1003','saravana','344','344','434',NULL,NULL,NULL,NULL,NULL),
 ('UID1003','saravana','YES','NO','YES','NO','NO','NO','NO','NO'),
 ('UID1001','mani','434','434','434',NULL,NULL,NULL,NULL,NULL),
 ('UID1001','mani','YES','NO','NO',NULL,'YES','YES','YES','YES'),
 ('UID1001','mani','434','434','434',NULL,NULL,NULL,NULL,NULL),
 ('UID1001','mani','YES','NO','NO','YES','NO','NO','NO','NO'),
 ('UID1001','mani','232','232','232',NULL,NULL,NULL,NULL,NULL),
 ('UID1001','mani','NO','NO','NO','NO','NO','NO','NO','NO'),
 ('UID1001','KESxZH6tkswWZuraGsEflA==','434','434','434',NULL,NULL,NULL,NULL,NULL),
 ('UID1001','KESxZH6tkswWZuraGsEflA==','YES','NO','NO','NO','YES','YES','NO','NO');
/*!40000 ALTER TABLE `verify4` ENABLE KEYS */;




/*!40101 SET SQL_MODE=@OLD_SQL_MODE */;
/*!40014 SET FOREIGN_KEY_CHECKS=@OLD_FOREIGN_KEY_CHECKS */;
/*!40014 SET UNIQUE_CHECKS=@OLD_UNIQUE_CHECKS */;
/*!40101 SET CHARACTER_SET_CLIENT=@OLD_CHARACTER_SET_CLIENT */;
/*!40101 SET CHARACTER_SET_RESULTS=@OLD_CHARACTER_SET_RESULTS */;
/*!40101 SET COLLATION_CONNECTION=@OLD_COLLATION_CONNECTION */;
/*!40101 SET CHARACTER_SET_CLIENT=@OLD_CHARACTER_SET_CLIENT */;
